key,creationDate,resolutionDate,injectedVersion,openingVersion,fixedVersion,affectedVersion,numOfCommits
OPENJPA-35,2006-08-28,2007-03-10,0.9.0,0.9.6,0.9.7,[0.9.0, 0.9.6, 0.9.6],
OPENJPA-42,2006-09-07,2006-09-10,0.9.0,0.9.6,0.9.6,[0.9.0],
OPENJPA-41,2006-09-07,2007-03-01,0.9.6,0.9.6,0.9.7,[0.9.6],
OPENJPA-44,2006-09-11,2008-07-28,0.9.0,0.9.6,1.2.0,[0.9.0, 0.9.6, 0.9.7, 1.0.0, 1.0.1, 1.0.2, 1.1.0, 1.0.3],
OPENJPA-46,2006-09-18,2007-03-08,0.9.0,0.9.6,0.9.7,[0.9.0, 0.9.6],
OPENJPA-54,2006-09-19,2007-03-01,0.9.6,0.9.6,0.9.7,[0.9.6],
OPENJPA-53,2006-09-19,2007-03-01,0.9.6,0.9.6,0.9.7,[0.9.6],
OPENJPA-50,2006-09-19,2007-03-01,0.9.6,0.9.6,0.9.7,[0.9.6],
OPENJPA-48,2006-09-19,2007-03-01,0.9.6,0.9.6,0.9.7,[0.9.6],
OPENJPA-56,2006-09-20,2007-03-01,0.9.6,0.9.6,0.9.7,[0.9.6],
OPENJPA-58,2006-09-23,2006-09-23,0.9.0,0.9.6,0.9.6,[0.9.0],
OPENJPA-59,2006-09-25,2006-09-26,0.9.0,0.9.6,0.9.6,[0.9.0],
OPENJPA-60,2006-09-27,2007-02-06,0.9.6,0.9.6,0.9.7,[0.9.6],
OPENJPA-61,2006-09-28,2007-06-26,0.9.0,0.9.6,1.0.0,[0.9.0, 0.9.6, 0.9.7],
OPENJPA-62,2006-10-04,2007-03-01,0.9.6,0.9.6,0.9.7,[0.9.6],
OPENJPA-67,2006-10-24,2006-10-27,0.9.0,0.9.6,0.9.6,[0.9.0],
OPENJPA-68,2006-10-27,2006-10-27,0.9.0,0.9.6,0.9.6,[0.9.0],
OPENJPA-70,2006-10-30,2006-10-30,0.9.0,0.9.6,0.9.6,[0.9.0],
OPENJPA-73,2006-10-31,2006-11-06,0.9.0,0.9.6,0.9.6,[0.9.0],
OPENJPA-71,2006-10-31,2007-03-08,0.9.0,0.9.6,0.9.7,[0.9.0, 0.9.6, 0.9.6],
OPENJPA-74,2006-11-02,2006-11-03,0.9.0,0.9.6,0.9.6,[0.9.0],
OPENJPA-75,2006-11-06,2008-08-01,0.9.0,0.9.6,1.2.0,[0.9.0, 0.9.6, 0.9.7, 1.0.0, 1.0.1, 1.0.2, 1.1.0, 1.0.3],
OPENJPA-76,2006-11-07,2006-11-07,0.9.0,0.9.6,0.9.6,[0.9.0],
OPENJPA-77,2006-11-09,2006-12-29,0.9.6,0.9.6,0.9.7,[0.9.6],
OPENJPA-80,2006-11-13,2007-03-06,0.9.6,0.9.6,0.9.7,[0.9.6],
OPENJPA-83,2006-11-15,2007-05-02,0.9.0,0.9.6,1.0.0,[0.9.0, 0.9.6, 0.9.7],
OPENJPA-90,2006-12-15,2006-12-15,0.9.6,0.9.7,0.9.7,[0.9.6],
OPENJPA-91,2006-12-22,2008-09-18,0.9.0,0.9.7,2.0.0-M1,[0.9.0, 0.9.6, 0.9.7, 1.0.0, 1.0.1, 1.0.2, 1.1.0, 1.0.3, 1.2.0],
OPENJPA-98,2007-01-09,2007-02-05,0.9.6,0.9.7,0.9.7,[0.9.6],
OPENJPA-100,2007-01-10,2007-01-10,0.9.6,0.9.7,0.9.7,[0.9.6],
OPENJPA-104,2007-01-17,2007-01-17,0.9.6,0.9.7,0.9.7,[0.9.6],
OPENJPA-103,2007-01-17,2007-01-17,0.9.6,0.9.7,0.9.7,[0.9.6],
OPENJPA-102,2007-01-17,2007-01-17,0.9.6,0.9.7,0.9.7,[0.9.6],
OPENJPA-107,2007-01-25,2007-01-25,0.9.6,0.9.7,0.9.7,[0.9.6],
OPENJPA-109,2007-01-25,2007-01-26,0.9.6,0.9.7,0.9.7,[0.9.6],
OPENJPA-110,2007-01-25,2007-03-01,0.9.6,0.9.7,0.9.7,[0.9.6],
OPENJPA-113,2007-01-25,2007-10-24,0.9.0,0.9.7,1.0.1,[0.9.0, 0.9.6, 0.9.7, 1.0.0],
OPENJPA-112,2007-01-25,2008-06-19,0.9.0,0.9.7,1.0.3,[0.9.0, 0.9.6, 0.9.7, 1.0.0, 1.0.1, 1.0.2, 1.1.0],
OPENJPA-116,2007-01-29,2007-01-30,0.9.6,0.9.7,0.9.7,[0.9.6],
OPENJPA-115,2007-01-29,2007-02-01,0.9.6,0.9.7,0.9.7,[0.9.6],
OPENJPA-118,2007-01-31,2007-01-31,0.9.6,0.9.7,0.9.7,[0.9.6],
OPENJPA-119,2007-01-31,2007-02-02,0.9.6,0.9.7,0.9.7,[0.9.6],
OPENJPA-122,2007-02-01,2007-02-01,0.9.6,0.9.7,0.9.7,[0.9.6],
OPENJPA-121,2007-02-01,2007-03-07,0.9.6,0.9.7,0.9.7,[0.9.6],
OPENJPA-123,2007-02-01,2009-11-12,0.9.0,0.9.7,1.2.2,[0.9.0, 0.9.6, 0.9.7, 1.0.0, 1.0.1, 1.0.2, 1.1.0, 1.0.3, 1.2.0, 2.0.0-M1, 1.2.1, 2.0.0-M2, 2.0.0-M3],
OPENJPA-133,2007-02-07,2007-02-08,0.9.6,0.9.7,0.9.7,[0.9.6],
OPENJPA-132,2007-02-07,2007-03-20,0.9.0,0.9.7,0.9.7,[0.9.0, 0.9.6],
OPENJPA-134,2007-02-08,2007-04-11,0.9.0,0.9.7,0.9.7,[0.9.0, 0.9.6],
OPENJPA-140,2007-02-09,2007-02-09,0.9.6,0.9.7,0.9.7,[0.9.6],
OPENJPA-139,2007-02-09,2007-02-27,0.9.6,0.9.7,0.9.7,[0.9.6],
OPENJPA-144,2007-02-13,2007-02-16,0.9.6,0.9.7,0.9.7,[0.9.6],
OPENJPA-142,2007-02-13,2007-03-10,0.9.0,0.9.7,0.9.7,[0.9.0, 0.9.6, 0.9.6],
OPENJPA-143,2007-02-13,2007-08-16,0.9.6,0.9.7,1.0.0,[0.9.6, 0.9.7],
OPENJPA-146,2007-02-14,2007-02-20,0.9.6,0.9.7,0.9.7,[0.9.6],
OPENJPA-148,2007-02-14,2007-05-22,0.9.6,0.9.7,1.0.0,[0.9.6, 0.9.7],
OPENJPA-150,2007-02-15,2007-02-20,0.9.6,0.9.7,0.9.7,[0.9.6],
OPENJPA-155,2007-02-20,2007-02-20,0.9.6,0.9.7,0.9.7,[0.9.6],
OPENJPA-154,2007-02-20,2007-02-20,0.9.6,0.9.7,0.9.7,[0.9.6],
OPENJPA-157,2007-02-21,2007-02-21,0.9.6,0.9.7,0.9.7,[0.9.6],
OPENJPA-162,2007-03-05,2007-03-05,0.9.6,0.9.7,0.9.7,[0.9.6],
OPENJPA-173,2007-03-14,2007-05-02,0.9.6,0.9.7,1.0.0,[0.9.6, 0.9.7],
OPENJPA-174,2007-03-19,2007-03-19,0.9.6,0.9.7,0.9.7,[0.9.6],
OPENJPA-175,2007-03-19,2007-03-24,0.9.0,0.9.7,0.9.7,[0.9.0, 0.9.6, 0.9.6],
OPENJPA-177,2007-03-21,2007-07-31,0.9.6,0.9.7,1.0.0,[0.9.6, 0.9.7],
OPENJPA-179,2007-03-22,2007-04-03,0.9.6,0.9.7,0.9.7,[0.9.6, 0.9.7],
OPENJPA-180,2007-03-23,2008-09-18,0.9.0,0.9.7,2.0.0-M1,[0.9.0, 0.9.6, 0.9.7, 1.0.0, 1.1.0, 0.9.6, 0.9.7, 1.0.0, 1.0.1, 1.0.2, 1.1.0, 1.0.3, 1.2.0],
OPENJPA-185,2007-03-28,2007-04-02,0.9.0,0.9.7,0.9.7,[0.9.0, 0.9.6, 0.9.6],
OPENJPA-203,2007-04-05,2007-08-07,0.9.0,0.9.7,1.0.0,[0.9.0, 0.9.6, 0.9.6, 0.9.7],
OPENJPA-208,2007-04-06,2007-04-09,0.9.6,0.9.7,0.9.7,[0.9.6],
OPENJPA-207,2007-04-06,2009-05-01,0.9.6,0.9.7,2.0.0-M2,[0.9.6, 0.9.7, 1.0.0, 1.0.1, 1.0.2, 1.1.0, 1.0.3, 1.2.0, 2.0.0-M1, 1.2.1],
OPENJPA-219,2007-04-17,2007-04-24,0.9.0,0.9.7,0.9.7,[0.9.0, 0.9.6, 0.9.7, 0.9.6],
OPENJPA-218,2007-04-17,2009-04-02,0.9.6,0.9.7,2.0.0-M2,[0.9.6, 0.9.7, 0.9.7, 1.0.0, 1.0.1, 1.0.2, 1.1.0, 1.0.3, 1.2.0, 2.0.0-M1, 1.2.1],
OPENJPA-228,2007-04-25,2007-04-25,0.9.6,0.9.7,0.9.7,[0.9.6, 0.9.7],
OPENJPA-229,2007-04-25,2007-04-26,0.9.0,0.9.7,0.9.7,[0.9.0, 0.9.6, 0.9.7, 0.9.6],
OPENJPA-230,2007-04-27,2007-05-29,0.9.0,0.9.7,1.0.0,[0.9.0, 0.9.6, 0.9.7, 0.9.6, 0.9.7],
OPENJPA-231,2007-05-01,2008-05-12,0.9.7,1.0.0,1.1.0,[0.9.7, 1.0.0, 1.0.1, 1.0.2],
OPENJPA-233,2007-05-02,2007-05-17,0.9.7,1.0.0,1.0.0,[0.9.7],
OPENJPA-237,2007-05-07,2007-05-21,0.9.7,1.0.0,1.0.0,[0.9.7],
OPENJPA-245,2007-05-27,2008-01-29,0.9.6,1.0.0,1.0.2,[0.9.6, 0.9.7, 0.9.7, 1.0.0, 1.0.1],
OPENJPA-248,2007-05-31,2007-05-31,0.9.7,1.0.0,1.0.0,[0.9.7],
OPENJPA-251,2007-06-06,2008-01-31,0.9.7,1.0.0,1.0.2,[0.9.7, 1.0.0, 1.0.1],
OPENJPA-255,2007-06-08,2008-05-12,0.9.7,1.0.0,1.1.0,[0.9.7, 1.0.0, 1.0.0, 1.0.1, 1.0.2],
OPENJPA-256,2007-06-09,2007-08-21,0.9.6,1.0.0,1.0.0,[0.9.6, 0.9.7],
OPENJPA-258,2007-06-12,2008-01-31,0.9.6,1.0.0,1.0.2,[0.9.6, 0.9.7, 1.0.0, 1.0.1],
OPENJPA-261,2007-06-19,2007-07-20,0.9.7,1.0.0,1.0.0,[0.9.7],
OPENJPA-269,2007-06-27,2007-06-27,0.9.6,1.0.0,1.0.0,[0.9.6, 0.9.7],
OPENJPA-272,2007-06-29,2007-08-06,0.9.7,1.0.0,1.0.0,[0.9.7],
OPENJPA-274,2007-07-01,2007-07-06,0.9.0,1.0.0,1.0.0,[0.9.0, 0.9.6, 0.9.7, 0.9.6, 0.9.7],
OPENJPA-278,2007-07-05,2007-07-05,0.9.0,1.0.0,1.0.0,[0.9.0, 0.9.6, 0.9.7, 0.9.6, 0.9.7],
OPENJPA-281,2007-07-09,2007-08-05,0.9.7,1.0.0,1.0.0,[0.9.7],
OPENJPA-282,2007-07-09,2007-08-28,0.9.6,1.0.0,1.0.0,[0.9.6, 0.9.7],
OPENJPA-283,2007-07-11,2007-07-12,0.9.6,1.0.0,1.0.0,[0.9.6, 0.9.7],
OPENJPA-287,2007-07-19,2007-07-19,0.9.7,1.0.0,1.0.0,[0.9.7],
OPENJPA-286,2007-07-19,2008-07-16,0.9.7,1.0.0,1.0.3,[0.9.7, 1.0.0, 1.1.0, 1.0.0, 1.0.1, 1.0.2, 1.1.0],
OPENJPA-296,2007-07-25,2007-07-25,0.9.0,1.0.0,1.0.0,[0.9.0, 0.9.6, 0.9.7, 0.9.6, 0.9.7],
OPENJPA-295,2007-07-25,2007-08-08,0.9.6,1.0.0,1.0.0,[0.9.6, 0.9.7],
OPENJPA-303,2007-07-30,2007-07-31,0.9.7,1.0.0,1.0.0,[0.9.7, 1.0.0],
OPENJPA-304,2007-07-31,2007-07-31,0.9.7,1.0.0,1.0.0,[0.9.7],
OPENJPA-308,2007-08-07,2007-08-07,0.9.0,1.0.0,1.0.0,[0.9.0, 0.9.6, 0.9.7, 0.9.6, 0.9.7],
OPENJPA-311,2007-08-09,2007-08-10,0.9.0,1.0.0,1.0.0,[0.9.0, 0.9.6, 0.9.7, 1.0.0, 0.9.6, 0.9.7],
OPENJPA-313,2007-08-10,2007-08-16,0.9.6,1.0.0,1.0.0,[0.9.6, 0.9.7],
OPENJPA-314,2007-08-14,2007-08-20,0.9.6,1.0.0,1.0.0,[0.9.6, 0.9.7],
OPENJPA-315,2007-08-14,2007-08-29,0.9.7,1.0.0,1.0.1,[0.9.7, 1.0.0],
OPENJPA-320,2007-08-16,2007-08-17,0.9.7,1.0.0,1.0.0,[0.9.7],
OPENJPA-321,2007-08-17,2007-08-21,0.9.7,1.0.0,1.0.0,[0.9.7],
OPENJPA-325,2007-08-22,2007-08-22,0.9.0,1.0.0,1.0.0,[0.9.0, 0.9.6, 0.9.7, 0.9.6, 0.9.7],
OPENJPA-326,2007-08-22,2007-09-24,0.9.7,1.0.0,1.0.1,[0.9.7, 1.0.0],
OPENJPA-329,2007-08-22,2008-01-31,0.9.6,1.0.0,1.0.2,[0.9.6, 0.9.7, 1.0.0, 1.0.1],
OPENJPA-331,2007-08-23,2008-01-31,0.9.7,1.0.0,1.0.2,[0.9.7, 1.0.0, 1.0.0, 1.0.1],
OPENJPA-339,2007-08-27,2007-09-17,0.9.7,1.0.0,1.0.1,[0.9.7, 1.0.0],
OPENJPA-340,2007-08-28,2008-07-16,0.9.0,1.0.0,1.0.3,[0.9.0, 0.9.6, 0.9.7, 1.0.0, 1.0.1, 1.0.2, 1.1.0],
OPENJPA-343,2007-08-29,2007-09-04,0.9.7,1.0.1,1.0.1,[0.9.7, 1.0.0, 1.0.0],
OPENJPA-346,2007-08-30,2007-08-30,1.0.0,1.0.1,1.0.1,[1.0.0],
OPENJPA-347,2007-08-30,2007-08-31,1.0.0,1.0.1,1.0.1,[1.0.0],
OPENJPA-345,2007-08-30,2021-04-04,0.9.0,1.0.1,3.2.0,[0.9.0, 0.9.6, 0.9.7, 1.0.0, 0.9.6, 0.9.7, 1.0.0, 1.0.1, 1.0.2, 1.1.0, 1.0.3, 1.2.0, 2.0.0-M1, 1.2.1, 2.0.0-M2, 2.0.0-M3, 1.2.2, 2.0.0-beta, 2.0.0-beta2, 2.0.0-beta3, 2.0.0, 2.0.1, 1.0.4, 2.1.0, 2.1.1, 2.2.0, 2.2.1, 1.2.3, 2.2.2, 2.3.0, 2.4.0, 2.4.1, 2.4.2, 2.4.3, 3.0.0, 3.1.0, 3.1.1, 3.1.2],
OPENJPA-349,2007-09-05,2008-07-16,1.0.0,1.0.1,1.0.3,[1.0.0, 1.0.1, 1.0.2, 1.1.0],
OPENJPA-353,2007-09-06,2007-09-18,1.0.0,1.0.1,1.0.1,[1.0.0],
OPENJPA-354,2007-09-06,2009-03-24,0.9.0,1.0.1,2.0.0-M2,[0.9.0, 0.9.6, 0.9.7, 1.0.0, 0.9.6, 0.9.7, 1.0.0, 1.0.1, 1.0.2, 1.1.0, 1.0.3, 1.2.0, 2.0.0-M1, 1.2.1],
OPENJPA-356,2007-09-07,2007-09-07,0.9.0,1.0.1,1.0.1,[0.9.0, 0.9.6, 0.9.7, 1.0.0, 0.9.6, 0.9.7, 1.0.0],
OPENJPA-355,2007-09-07,2007-09-07,1.0.0,1.0.1,1.0.1,[1.0.0],
OPENJPA-358,2007-09-07,2007-09-20,0.9.7,1.0.1,1.0.1,[0.9.7, 1.0.0, 1.0.0],
OPENJPA-357,2007-09-07,2007-09-20,0.9.7,1.0.1,1.0.1,[0.9.7, 1.0.0, 1.0.0],
OPENJPA-360,2007-09-08,2007-09-18,1.0.0,1.0.1,1.0.1,[1.0.0, 1.0.1, 1.1.0],
OPENJPA-359,2007-09-08,2008-02-26,1.0.0,1.0.1,1.1.0,[1.0.0, 1.0.1, 1.0.2],
OPENJPA-363,2007-09-09,2007-09-09,0.9.0,1.0.1,1.0.1,[0.9.0, 0.9.6, 0.9.7, 1.0.0, 0.9.6, 0.9.7, 1.0.0],
OPENJPA-361,2007-09-09,2007-09-11,1.0.0,1.0.1,1.0.1,[1.0.0],
OPENJPA-367,2007-09-12,2007-10-30,1.0.0,1.0.1,1.0.1,[1.0.0],
OPENJPA-366,2007-09-12,2008-01-31,1.0.0,1.0.1,1.0.2,[1.0.0, 1.0.1],
OPENJPA-365,2007-09-12,2008-07-16,0.9.6,1.0.1,1.0.3,[0.9.6, 0.9.7, 1.0.0, 1.0.1, 1.0.2, 1.1.0],
OPENJPA-368,2007-09-13,2007-10-03,0.9.7,1.0.1,1.0.1,[0.9.7, 1.0.0, 1.0.0],
OPENJPA-369,2007-09-14,2007-10-15,1.0.0,1.0.1,1.0.1,[1.0.0],
OPENJPA-375,2007-09-18,2007-09-21,1.0.0,1.0.1,1.0.1,[1.0.0, 1.0.1, 1.1.0],
OPENJPA-378,2007-09-20,2007-09-21,1.0.0,1.0.1,1.0.1,[1.0.0, 1.0.1, 1.1.0],
OPENJPA-380,2007-09-21,2007-09-21,0.9.0,1.0.1,1.0.1,[0.9.0, 0.9.6, 0.9.7, 1.0.0, 0.9.6, 0.9.7, 1.0.0],
OPENJPA-379,2007-09-21,2007-09-21,0.9.0,1.0.1,1.0.1,[0.9.0, 0.9.6, 0.9.7, 1.0.0, 0.9.6, 0.9.7, 1.0.0],
OPENJPA-382,2007-09-24,2011-02-25,0.9.0,1.0.1,2.1.1,[0.9.0, 0.9.6, 0.9.7, 1.0.0, 1.0.1, 1.0.2, 1.1.0, 1.0.3, 1.2.0, 2.0.0-M1, 1.2.1, 2.0.0-M2, 2.0.0-M3, 1.2.2, 2.0.0-beta, 2.0.0-beta2, 2.0.0-beta3, 2.0.0, 2.0.1, 1.0.4, 2.1.0],
OPENJPA-385,2007-09-26,2007-09-27,1.0.0,1.0.1,1.0.1,[1.0.0, 1.0.1, 1.1.0],
OPENJPA-386,2007-09-27,2009-08-27,0.9.7,1.0.1,2.0.0-M3,[0.9.7, 1.0.0, 1.0.2, 1.1.0, 1.2.1, 1.0.0, 1.0.1, 1.0.2, 1.1.0, 1.0.3, 1.2.0, 2.0.0-M1, 1.2.1, 2.0.0-M2],
OPENJPA-387,2007-09-28,2007-10-01,1.0.0,1.0.1,1.0.1,[1.0.0],
OPENJPA-388,2007-09-28,2007-10-30,1.0.0,1.0.1,1.0.1,[1.0.0],
OPENJPA-389,2007-10-01,2007-10-01,1.0.0,1.0.1,1.0.1,[1.0.0, 1.0.1, 1.1.0],
OPENJPA-392,2007-10-04,2008-05-01,0.9.0,1.0.1,1.1.0,[0.9.0, 0.9.6, 0.9.7, 1.0.0, 0.9.6, 0.9.7, 1.0.0, 1.0.1, 1.0.2],
OPENJPA-393,2007-10-06,2008-07-29,1.0.0,1.0.1,1.2.0,[1.0.0, 1.0.1, 1.0.2, 1.1.0, 1.0.3],
OPENJPA-397,2007-10-08,2007-10-08,1.0.0,1.0.1,1.0.1,[1.0.0],
OPENJPA-395,2007-10-08,2007-10-08,1.0.0,1.0.1,1.0.1,[1.0.0, 1.0.1, 1.1.0],
OPENJPA-396,2007-10-08,2007-10-09,1.0.0,1.0.1,1.0.1,[1.0.0, 1.0.1, 1.1.0],
OPENJPA-401,2007-10-12,2008-02-05,1.0.0,1.0.1,1.0.2,[1.0.0, 1.0.1],
OPENJPA-405,2007-10-16,2007-10-16,0.9.7,1.0.1,1.0.1,[0.9.7, 1.0.0],
OPENJPA-409,2007-10-18,2007-10-18,1.0.0,1.0.1,1.0.1,[1.0.0, 1.0.1, 1.1.0],
OPENJPA-410,2007-10-19,2007-10-29,1.0.0,1.0.1,1.0.1,[1.0.0, 1.0.1, 1.1.0],
OPENJPA-413,2007-10-23,2007-10-30,1.0.0,1.0.1,1.0.1,[1.0.0],
OPENJPA-416,2007-10-24,2007-10-24,0.9.6,1.0.1,1.0.1,[0.9.6, 0.9.7, 1.0.0, 0.9.7, 1.0.0],
OPENJPA-420,2007-10-26,2008-01-31,1.0.0,1.0.1,1.0.2,[1.0.0, 1.0.1],
OPENJPA-419,2007-10-26,2008-02-04,0.9.0,1.0.1,1.0.2,[0.9.0, 0.9.6, 0.9.7, 1.0.0, 0.9.6, 0.9.7, 1.0.0, 1.0.1],
OPENJPA-422,2007-10-27,2007-10-27,1.0.0,1.0.1,1.0.1,[1.0.0],
OPENJPA-421,2007-10-27,2007-10-29,1.0.0,1.0.1,1.0.1,[1.0.0, 1.0.1, 1.1.0],
OPENJPA-423,2007-10-28,2007-10-29,0.9.6,1.0.1,1.0.1,[0.9.6, 0.9.7, 1.0.0, 0.9.7, 1.0.0],
OPENJPA-424,2007-10-29,2008-08-01,1.0.0,1.0.1,1.2.0,[1.0.0, 1.0.1, 1.0.2, 1.1.0, 1.0.3],
OPENJPA-425,2007-10-30,2008-08-02,1.0.0,1.0.1,1.2.0,[1.0.0, 1.0.1, 1.0.2, 1.1.0, 1.0.3],
OPENJPA-427,2007-11-01,2007-11-15,1.0.0,1.0.1,1.0.2,[1.0.0, 1.1.0, 1.0.1],
OPENJPA-428,2007-11-01,2012-08-08,1.0.0,1.0.1,2.2.1,[1.0.0, 1.0.1, 1.0.2, 1.1.0, 1.0.3, 1.2.0, 2.0.0-M1, 1.2.1, 2.0.0-M2, 2.0.0-M3, 1.2.2, 2.0.0-beta, 2.0.0-beta2, 2.0.0-beta3, 2.0.0, 2.0.1, 1.0.4, 2.1.0, 2.1.1, 2.2.0],
OPENJPA-434,2007-11-06,2008-08-02,1.0.0,1.0.1,1.2.0,[1.0.0, 1.0.1, 1.0.2, 1.1.0, 1.0.3],
OPENJPA-437,2007-11-08,2008-01-25,1.0.0,1.0.1,1.0.2,[1.0.0, 1.0.1, 1.0.2, 1.1.0, 1.0.1],
OPENJPA-438,2007-11-09,2008-08-02,1.0.0,1.0.1,1.2.0,[1.0.0, 1.0.1, 1.0.2, 1.1.0, 1.0.3],
OPENJPA-439,2007-11-10,2007-11-12,0.9.0,1.0.2,1.0.2,[0.9.0, 0.9.6, 0.9.7, 1.0.0, 1.0.1, 1.0.2, 1.1.0, 0.9.6, 0.9.7, 1.0.0, 1.0.1],
OPENJPA-440,2007-11-10,2007-12-18,1.0.0,1.0.2,1.0.2,[1.0.0, 1.1.0, 1.0.1],
OPENJPA-446,2007-11-19,2007-11-20,1.0.1,1.0.2,1.0.2,[1.0.1],
OPENJPA-452,2007-11-26,2008-01-02,1.0.0,1.0.2,1.0.2,[1.0.0, 1.0.1],
OPENJPA-455,2007-11-27,2008-01-30,1.0.0,1.0.2,1.0.2,[1.0.0, 1.0.1, 1.0.1],
OPENJPA-457,2007-12-02,2008-08-02,0.9.7,1.0.2,1.2.0,[0.9.7, 1.0.0, 1.0.1, 1.0.0, 1.0.1, 1.0.2, 1.1.0, 1.0.3],
OPENJPA-458,2007-12-03,2008-07-16,1.0.1,1.0.2,1.0.3,[1.0.1, 1.0.2, 1.1.0],
OPENJPA-459,2007-12-05,2009-11-12,1.0.0,1.0.2,1.2.2,[1.0.0, 1.0.1, 1.0.2, 1.1.0, 1.0.3, 1.2.0, 2.0.0-M1, 1.2.1, 2.0.0-M2, 2.0.0-M3],
OPENJPA-462,2007-12-06,2008-07-16,0.9.7,1.0.2,1.0.3,[0.9.7, 1.0.0, 1.0.1, 1.0.2, 1.1.0],
OPENJPA-466,2007-12-13,2009-10-31,1.0.0,1.0.2,1.2.2,[1.0.0, 1.0.1, 1.1.0, 1.2.0, 1.0.1, 1.0.2, 1.1.0, 1.0.3, 1.2.0, 2.0.0-M1, 1.2.1, 2.0.0-M2, 2.0.0-M3],
OPENJPA-472,2007-12-19,2008-01-10,1.0.1,1.0.2,1.0.2,[1.0.1],
OPENJPA-471,2007-12-19,2008-01-10,1.0.1,1.0.2,1.0.2,[1.0.1],
OPENJPA-470,2007-12-19,2008-07-16,0.9.0,1.0.2,1.0.3,[0.9.0, 0.9.6, 0.9.7, 1.0.0, 1.0.1, 0.9.6, 0.9.7, 1.0.0, 1.0.1, 1.0.2, 1.1.0],
OPENJPA-484,2008-01-11,2008-02-20,1.0.1,1.0.2,1.1.0,[1.0.1, 1.1.0, 1.0.2],
OPENJPA-485,2008-01-14,2008-08-01,0.9.7,1.0.2,1.2.0,[0.9.7, 1.0.0, 1.0.1, 1.0.2, 1.1.0, 1.0.3],
OPENJPA-489,2008-01-16,2008-01-16,1.0.0,1.0.2,1.0.2,[1.0.0, 1.0.1, 1.0.1],
OPENJPA-495,2008-01-16,2008-06-19,1.0.0,1.0.2,1.0.3,[1.0.0, 1.0.1, 1.0.2, 1.1.0],
OPENJPA-494,2008-01-16,2008-07-17,1.0.0,1.0.2,1.0.3,[1.0.0, 1.0.1, 1.1.0, 1.0.1, 1.0.2, 1.1.0],
OPENJPA-493,2008-01-16,2008-09-30,1.0.0,1.0.2,2.0.0-M1,[1.0.0, 1.0.1, 1.0.1, 1.0.2, 1.1.0, 1.0.3, 1.2.0],
OPENJPA-497,2008-01-18,2008-08-02,1.0.1,1.0.2,1.2.0,[1.0.1, 1.0.2, 1.1.0, 1.0.3],
OPENJPA-504,2008-01-25,2008-05-13,1.0.1,1.0.2,1.1.0,[1.0.1, 1.0.2],
OPENJPA-508,2008-02-01,2008-02-02,1.0.0,1.0.2,1.0.2,[1.0.0, 1.0.1, 1.0.1],
OPENJPA-509,2008-02-05,2008-06-19,1.0.0,1.0.2,1.0.3,[1.0.0, 1.0.1, 1.0.2, 1.1.0],
OPENJPA-511,2008-02-06,2008-02-07,1.0.1,1.0.2,1.0.2,[1.0.1],
OPENJPA-512,2008-02-08,2008-02-19,0.9.0,1.0.2,1.1.0,[0.9.0, 0.9.6, 0.9.7, 1.0.0, 1.0.1, 0.9.6, 0.9.7, 1.0.0, 1.0.1, 1.0.2],
OPENJPA-516,2008-02-14,2008-02-14,1.0.0,1.0.2,1.0.2,[1.0.0, 1.0.1, 1.0.2, 1.0.1],
OPENJPA-518,2008-02-15,2008-02-20,1.0.1,1.0.2,1.1.0,[1.0.1, 1.0.2],
OPENJPA-524,2008-02-26,2008-06-19,1.0.2,1.1.0,1.0.3,[1.0.2, 1.1.0],
OPENJPA-525,2008-02-27,2009-09-27,1.0.0,1.1.0,2.0.0-M3,[1.0.0, 1.0.2, 1.1.0, 1.2.1, 2.0.0, 1.0.1, 1.0.2, 1.1.0, 1.0.3, 1.2.0, 2.0.0-M1, 1.2.1, 2.0.0-M2],
OPENJPA-526,2008-02-27,2010-09-20,1.0.0,1.1.0,2.1.0,[1.0.0, 1.0.2, 1.1.0, 1.2.0, 1.0.1, 1.0.2, 1.1.0, 1.0.3, 1.2.0, 2.0.0-M1, 1.2.1, 2.0.0-M2, 2.0.0-M3, 1.2.2, 2.0.0-beta, 2.0.0-beta2, 2.0.0-beta3, 2.0.0, 2.0.1, 1.0.4],
OPENJPA-527,2008-02-28,2008-06-17,1.0.2,1.1.0,1.0.3,[1.0.2, 1.1.0],
OPENJPA-528,2008-02-29,2008-03-24,1.0.1,1.1.0,1.1.0,[1.0.1, 1.0.2],
OPENJPA-533,2008-03-06,2008-06-18,1.0.0,1.1.0,1.0.3,[1.0.0, 1.0.1, 1.0.2, 1.1.0],
OPENJPA-535,2008-03-11,2008-03-11,1.0.2,1.1.0,1.1.0,[1.0.2],
OPENJPA-536,2008-03-13,2008-04-27,1.0.2,1.1.0,1.1.0,[1.0.2, 1.0.3],
OPENJPA-537,2008-03-17,2008-03-21,1.0.0,1.1.0,1.1.0,[1.0.0, 1.0.1, 1.0.2, 1.0.1, 1.0.2],
OPENJPA-540,2008-03-19,2008-03-25,1.0.0,1.1.0,1.1.0,[1.0.0, 1.0.1, 1.0.2, 1.1.0, 1.0.3, 1.0.1, 1.0.2],
OPENJPA-543,2008-03-24,2008-03-24,1.0.0,1.1.0,1.1.0,[1.0.0, 1.0.1, 1.0.2, 1.0.1, 1.0.2],
OPENJPA-542,2008-03-24,2008-03-24,1.0.0,1.1.0,1.1.0,[1.0.0, 1.0.1, 1.0.2, 1.0.1, 1.0.2],
OPENJPA-547,2008-03-27,2008-04-11,1.0.1,1.1.0,1.1.0,[1.0.1, 1.0.2],
OPENJPA-550,2008-04-01,2008-08-01,1.0.2,1.1.0,1.2.0,[1.0.2, 1.1.0, 1.0.3],
OPENJPA-552,2008-04-02,2008-04-04,1.0.2,1.1.0,1.1.0,[1.0.2, 1.1.0, 1.0.3],
OPENJPA-554,2008-04-02,2008-04-07,1.0.2,1.1.0,1.1.0,[1.0.2],
OPENJPA-557,2008-04-04,2008-12-24,1.0.2,1.1.0,2.0.0-M1,[1.0.2, 1.1.0, 1.0.3, 1.2.0],
OPENJPA-565,2008-04-09,2008-04-11,1.0.2,1.1.0,1.1.0,[1.0.2, 1.1.0, 1.0.3],
OPENJPA-566,2008-04-09,2008-06-19,1.0.2,1.1.0,1.0.3,[1.0.2, 1.1.0],
OPENJPA-567,2008-04-10,2008-04-27,1.0.2,1.1.0,1.1.0,[1.0.2],
OPENJPA-573,2008-04-16,2009-04-01,1.0.2,1.1.0,2.0.0-M2,[1.0.2, 1.1.0, 1.1.0, 1.0.3, 1.2.0, 2.0.0-M1, 1.2.1],
OPENJPA-576,2008-04-18,2008-04-27,1.0.1,1.1.0,1.1.0,[1.0.1, 1.0.2],
OPENJPA-580,2008-04-23,2008-11-05,1.0.0,1.1.0,2.0.0-M1,[1.0.0, 1.0.1, 1.0.2, 1.1.0, 1.0.3, 1.2.0],
OPENJPA-586,2008-05-01,2008-06-09,1.0.2,1.1.0,1.0.3,[1.0.2, 1.1.0],
OPENJPA-588,2008-05-02,2008-05-03,1.0.1,1.1.0,1.1.0,[1.0.1, 1.0.2],
OPENJPA-590,2008-05-04,2008-05-05,1.0.1,1.1.0,1.1.0,[1.0.1, 1.0.2],
OPENJPA-589,2008-05-04,2008-05-12,1.0.1,1.1.0,1.1.0,[1.0.1, 1.0.2],
OPENJPA-594,2008-05-08,2008-05-08,1.0.1,1.1.0,1.1.0,[1.0.1, 1.0.2, 1.0.2],
OPENJPA-596,2008-05-08,2008-05-22,1.0.1,1.1.0,1.1.0,[1.0.1, 1.0.2],
OPENJPA-605,2008-05-20,2008-05-21,1.0.1,1.1.0,1.1.0,[1.0.1, 1.0.2],
OPENJPA-607,2008-05-22,2008-05-22,1.0.1,1.1.0,1.1.0,[1.0.1, 1.0.2],
OPENJPA-612,2008-05-25,2008-05-28,1.0.2,1.0.3,1.0.3,[1.0.2, 1.1.0],
OPENJPA-614,2008-05-28,2008-05-28,1.0.2,1.0.3,1.0.3,[1.0.2, 1.1.0],
OPENJPA-617,2008-05-29,2008-05-29,1.0.2,1.0.3,1.0.3,[1.0.2, 1.1.0],
OPENJPA-618,2008-05-29,2008-06-06,1.1.0,1.0.3,1.0.3,[1.1.0],
OPENJPA-619,2008-06-02,2008-07-28,1.1.0,1.0.3,1.2.0,[1.1.0, 1.0.3],
OPENJPA-622,2008-06-04,2008-06-04,1.1.0,1.0.3,1.0.3,[1.1.0, 1.0.3, 1.2.0],
OPENJPA-625,2008-06-05,2008-06-19,1.1.0,1.0.3,1.0.3,[1.1.0],
OPENJPA-630,2008-06-09,2008-06-09,1.0.2,1.0.3,1.0.3,[1.0.2, 1.1.0, 1.1.0],
OPENJPA-628,2008-06-09,2008-08-05,1.1.0,1.0.3,1.2.0,[1.1.0, 1.0.3],
OPENJPA-632,2008-06-10,2008-06-10,1.0.1,1.0.3,1.0.3,[1.0.1, 1.0.2, 1.0.2, 1.1.0],
OPENJPA-640,2008-06-23,2010-07-16,1.0.2,1.0.3,2.0.1,[1.0.2, 1.1.0, 1.2.0, 1.1.0, 1.0.3, 1.2.0, 2.0.0-M1, 1.2.1, 2.0.0-M2, 2.0.0-M3, 1.2.2, 2.0.0-beta, 2.0.0-beta2, 2.0.0-beta3, 2.0.0],
OPENJPA-642,2008-06-24,2008-06-25,1.0.2,1.0.3,1.0.3,[1.0.2, 1.1.0],
OPENJPA-645,2008-06-26,2008-06-26,1.1.0,1.0.3,1.0.3,[1.1.0, 1.0.3],
OPENJPA-647,2008-06-30,2008-07-02,1.1.0,1.0.3,1.0.3,[1.1.0],
OPENJPA-650,2008-07-02,2008-09-17,1.0.2,1.0.3,2.0.0-M1,[1.0.2, 1.1.0, 1.0.3, 1.2.0, 1.1.0, 1.0.3, 1.2.0],
OPENJPA-654,2008-07-08,2008-07-14,1.1.0,1.0.3,1.0.3,[1.1.0],
OPENJPA-657,2008-07-10,2008-07-10,1.0.2,1.0.3,1.0.3,[1.0.2, 1.1.0],
OPENJPA-659,2008-07-14,2008-07-14,1.1.0,1.0.3,1.0.3,[1.1.0],
OPENJPA-660,2008-07-16,2008-07-25,1.0.0,1.0.3,1.2.0,[1.0.0, 1.0.1, 1.0.2, 1.1.0, 1.0.3, 1.2.0, 1.0.4, 1.0.1, 1.0.2, 1.1.0, 1.0.3],
OPENJPA-662,2008-07-17,2008-07-23,1.0.2,1.0.3,1.0.3,[1.0.2, 1.1.0],
OPENJPA-664,2008-07-24,2008-07-24,1.1.0,1.2.0,1.2.0,[1.1.0, 1.0.3],
OPENJPA-665,2008-07-24,2008-08-05,1.1.0,1.2.0,1.2.0,[1.1.0, 1.0.3],
OPENJPA-669,2008-07-28,2008-07-28,0.9.6,1.2.0,1.2.0,[0.9.6, 0.9.7, 1.0.0, 1.0.1, 1.0.2, 1.1.0, 1.0.3, 0.9.7, 1.0.0, 1.0.1, 1.0.2, 1.1.0, 1.0.3],
OPENJPA-674,2008-08-06,2008-08-06,1.1.0,1.2.0,1.2.0,[1.1.0, 1.0.3],
OPENJPA-677,2008-08-06,2011-09-21,1.1.0,1.2.0,2.2.0,[1.1.0, 1.2.0, 1.2.1, 1.0.3, 1.2.0, 2.0.0-M1, 1.2.1, 2.0.0-M2, 2.0.0-M3, 1.2.2, 2.0.0-beta, 2.0.0-beta2, 2.0.0-beta3, 2.0.0, 2.0.1, 1.0.4, 2.1.0, 2.1.1],
OPENJPA-678,2008-08-07,2008-08-15,1.1.0,1.2.0,2.0.0-M1,[1.1.0, 1.0.3, 1.2.0],
OPENJPA-679,2008-08-07,2009-03-24,1.0.2,1.2.0,2.0.0-M2,[1.0.2, 1.1.0, 1.0.3, 1.2.0, 2.0.0-M1, 1.2.1],
OPENJPA-685,2008-08-08,2008-09-22,1.0.3,1.2.0,2.0.0-M1,[1.0.3, 1.2.0],
OPENJPA-692,2008-08-09,2008-08-25,1.0.3,1.2.0,2.0.0-M1,[1.0.3, 1.2.0],
OPENJPA-693,2008-08-13,2008-08-25,1.0.3,2.0.0-M1,2.0.0-M1,[1.0.3, 1.2.0],
OPENJPA-695,2008-08-19,2008-09-11,1.2.0,2.0.0-M1,2.0.0-M1,[1.2.0],
OPENJPA-696,2008-08-21,2013-07-10,1.0.0,2.0.0-M1,2.3.0,[1.0.0, 1.0.1, 1.0.2, 1.1.0, 1.0.3, 1.2.0, 1.0.1, 1.0.2, 1.1.0, 1.0.3, 1.2.0, 2.0.0-M1, 1.2.1, 2.0.0-M2, 2.0.0-M3, 1.2.2, 2.0.0-beta, 2.0.0-beta2, 2.0.0-beta3, 2.0.0, 2.0.1, 1.0.4, 2.1.0, 2.1.1, 2.2.0, 2.2.1, 1.2.3, 2.2.2],
OPENJPA-700,2008-08-22,2008-08-22,1.0.3,2.0.0-M1,2.0.0-M1,[1.0.3, 1.2.0],
OPENJPA-698,2008-08-22,2008-08-25,1.0.3,2.0.0-M1,2.0.0-M1,[1.0.3, 1.2.0],
OPENJPA-699,2008-08-22,2008-08-27,1.0.0,2.0.0-M1,2.0.0-M1,[1.0.0, 1.0.1, 1.0.2, 1.1.0, 1.0.3, 1.2.0],
OPENJPA-702,2008-08-25,2008-08-25,1.0.3,2.0.0-M1,2.0.0-M1,[1.0.3, 1.2.0],
OPENJPA-705,2008-08-25,2008-08-26,1.0.3,2.0.0-M1,2.0.0-M1,[1.0.3, 1.2.0],
OPENJPA-710,2008-09-02,2008-09-03,1.0.0,2.0.0-M1,2.0.0-M1,[1.0.0, 1.0.1, 1.0.2, 1.1.0, 1.0.3, 1.2.0, 1.2.1, 1.0.4, 1.0.1, 1.0.2, 1.1.0, 1.0.3, 1.2.0],
OPENJPA-711,2008-09-03,2008-09-16,1.2.0,2.0.0-M1,2.0.0-M1,[1.2.0],
OPENJPA-713,2008-09-04,2008-09-17,1.0.3,2.0.0-M1,2.0.0-M1,[1.0.3, 1.2.0, 1.2.0],
OPENJPA-715,2008-09-04,2008-09-18,1.0.0,2.0.0-M1,2.0.0-M1,[1.0.0, 1.1.0, 1.2.0, 1.0.1, 1.0.2, 1.1.0, 1.0.3, 1.2.0],
OPENJPA-714,2008-09-04,2010-01-12,1.1.0,2.0.0-M1,1.2.2,[1.1.0, 1.2.0, 1.0.3, 1.2.0, 2.0.0-M1, 1.2.1, 2.0.0-M2, 2.0.0-M3],
OPENJPA-719,2008-09-10,2008-09-25,1.1.0,2.0.0-M1,2.0.0-M1,[1.1.0, 1.0.3, 1.2.0, 1.2.1, 1.0.4, 1.0.3, 1.2.0],
OPENJPA-724,2008-09-13,2008-09-17,1.2.0,2.0.0-M1,2.0.0-M1,[1.2.0],
OPENJPA-727,2008-09-17,2008-09-17,1.0.3,2.0.0-M1,2.0.0-M1,[1.0.3, 1.2.0],
OPENJPA-731,2008-09-19,2008-09-26,1.2.0,2.0.0-M1,2.0.0-M1,[1.2.0, 1.2.1],
OPENJPA-733,2008-09-25,2008-10-06,1.2.0,2.0.0-M1,2.0.0-M1,[1.2.0],
OPENJPA-740,2008-10-07,2010-03-08,1.2.0,2.0.0-M1,2.0.0-beta3,[1.2.0, 1.2.1, 2.0.0-M3, 1.2.2, 2.0.0-beta, 2.0.0-beta2, 2.0.0-M1, 1.2.1, 2.0.0-M2, 2.0.0-M3, 1.2.2, 2.0.0-beta, 2.0.0-beta2],
OPENJPA-743,2008-10-10,2008-10-11,1.2.0,2.0.0-M1,2.0.0-M1,[1.2.0],
OPENJPA-745,2008-10-13,2008-10-22,1.2.0,2.0.0-M1,2.0.0-M1,[1.2.0],
OPENJPA-748,2008-10-16,2010-01-18,1.2.0,2.0.0-M1,1.2.2,[1.2.0, 2.0.0-M1, 1.2.1, 2.0.0-M2, 2.0.0-M3],
OPENJPA-750,2008-10-17,2008-10-23,1.0.3,2.0.0-M1,2.0.0-M1,[1.0.3, 1.2.0],
OPENJPA-751,2008-10-23,2008-10-29,1.0.3,2.0.0-M1,2.0.0-M1,[1.0.3, 1.2.0],
OPENJPA-755,2008-10-30,2008-11-14,1.0.3,2.0.0-M1,2.0.0-M1,[1.0.3, 1.2.0],
OPENJPA-762,2008-11-04,2008-11-04,1.2.0,2.0.0-M1,2.0.0-M1,[1.2.0],
OPENJPA-761,2008-11-04,2008-11-04,1.1.0,2.0.0-M1,2.0.0-M1,[1.1.0, 1.2.1, 2.0.0-M2, 1.0.4, 1.0.3, 1.2.0],
OPENJPA-764,2008-11-10,2008-11-10,1.0.3,2.0.0-M1,2.0.0-M1,[1.0.3, 1.2.0],
OPENJPA-774,2008-11-19,2010-03-03,1.1.0,2.0.0-M1,2.0.0-beta3,[1.1.0, 1.2.0, 2.0.0-M2, 1.0.3, 1.2.0, 2.0.0-M1, 1.2.1, 2.0.0-M2, 2.0.0-M3, 1.2.2, 2.0.0-beta, 2.0.0-beta2],
OPENJPA-777,2008-11-21,2008-12-18,1.2.0,2.0.0-M1,2.0.0-M1,[1.2.0, 1.2.1, 2.0.0-M2],
OPENJPA-795,2008-11-27,2008-12-09,1.2.0,2.0.0-M1,2.0.0-M1,[1.2.0],
OPENJPA-811,2008-12-03,2009-03-17,1.2.0,2.0.0-M1,1.2.1,[1.2.0, 2.0.0-M2, 2.0.0-M1],
OPENJPA-815,2008-12-04,2008-12-04,1.0.3,2.0.0-M1,2.0.0-M1,[1.0.3, 1.2.0],
OPENJPA-824,2008-12-11,2008-12-16,1.0.3,2.0.0-M1,2.0.0-M1,[1.0.3, 1.2.0],
OPENJPA-828,2008-12-16,2013-04-10,0.9.0,2.0.0-M1,1.2.3,[0.9.0, 0.9.6, 0.9.7, 1.0.0, 1.0.1, 1.0.2, 1.1.0, 1.0.3, 1.2.0, 2.0.0-M1, 1.2.1, 2.0.0-M2, 2.0.0-M3, 1.2.2, 2.0.0-beta, 2.0.0-beta2, 2.0.0-beta3, 2.0.0, 2.0.1, 1.0.4, 2.1.0, 2.1.1, 2.2.0, 2.2.1],
OPENJPA-835,2008-12-18,2008-12-19,1.2.0,2.0.0-M1,2.0.0-M1,[1.2.0, 1.2.1, 2.0.0-M2],
OPENJPA-836,2008-12-19,2009-01-14,1.2.0,2.0.0-M1,2.0.0-M1,[1.2.0],
OPENJPA-838,2008-12-19,2009-01-29,1.2.0,2.0.0-M1,2.0.0-M1,[1.2.0],
OPENJPA-845,2008-12-23,2009-02-26,1.2.0,2.0.0-M1,1.2.1,[1.2.0, 2.0.0-M1],
OPENJPA-844,2008-12-23,2010-03-08,0.9.7,2.0.0-M1,2.0.0-beta3,[0.9.7, 1.0.0, 1.0.1, 1.0.2, 1.1.0, 1.0.3, 1.2.0, 2.0.0-M1, 1.2.1, 2.0.0-M2, 2.0.0-M3, 1.2.2, 2.0.0-beta, 2.0.0-beta2],
OPENJPA-853,2009-01-09,2009-01-10,1.2.0,2.0.0-M1,2.0.0-M1,[1.2.0],
OPENJPA-860,2009-01-15,2009-01-23,1.2.0,2.0.0-M1,2.0.0-M1,[1.2.0],
OPENJPA-862,2009-01-17,2009-05-01,1.2.0,2.0.0-M1,2.0.0-M2,[1.2.0, 2.0.0-M1, 1.2.1],
OPENJPA-863,2009-01-19,2009-01-23,1.2.0,2.0.0-M1,2.0.0-M1,[1.2.0, 2.0.0-M2],
OPENJPA-864,2009-01-21,2009-01-23,1.0.3,2.0.0-M1,2.0.0-M1,[1.0.3, 1.2.0, 1.2.0],
OPENJPA-866,2009-01-23,2009-03-12,1.2.0,2.0.0-M1,1.2.1,[1.2.0, 2.0.0-M2, 2.0.0-M1],
OPENJPA-867,2009-01-23,2011-08-29,1.2.0,2.0.0-M1,2.2.0,[1.2.0, 2.0.0-M2, 2.0.0-M1, 1.2.1, 2.0.0-M2, 2.0.0-M3, 1.2.2, 2.0.0-beta, 2.0.0-beta2, 2.0.0-beta3, 2.0.0, 2.0.1, 1.0.4, 2.1.0, 2.1.1],
OPENJPA-872,2009-01-26,2009-01-26,1.2.0,2.0.0-M1,2.0.0-M1,[1.2.0],
OPENJPA-873,2009-01-26,2009-02-04,1.2.0,2.0.0-M1,1.2.1,[1.2.0, 2.0.0-M1],
OPENJPA-884,2009-01-30,2009-03-01,1.2.0,1.2.1,1.2.1,[1.2.0, 2.0.0-M1, 1.2.1, 2.0.0-M2, 2.0.0-M1],
OPENJPA-883,2009-01-30,2009-04-02,1.2.0,1.2.1,2.0.0-M2,[1.2.0, 2.0.0-M1, 1.2.1, 2.0.0-M2, 2.0.0-M1, 1.2.1],
OPENJPA-887,2009-02-01,2009-03-28,2.0.0-M1,1.2.1,2.0.0-M2,[2.0.0-M1, 2.0.0-M2, 1.2.1],
OPENJPA-890,2009-02-02,2009-07-29,1.1.0,1.2.1,2.0.0-M3,[1.1.0, 1.0.3, 1.2.0, 2.0.0-M1, 2.0.0-M2, 1.0.3, 1.2.0, 2.0.0-M1, 1.2.1, 2.0.0-M2],
OPENJPA-898,2009-02-04,2009-03-01,1.2.0,1.2.1,1.2.1,[1.2.0, 2.0.0-M1],
OPENJPA-896,2009-02-04,2009-03-22,1.1.0,1.2.1,2.0.0-M2,[1.1.0, 1.0.3, 1.2.0, 1.0.3, 1.2.0, 2.0.0-M1, 1.2.1],
OPENJPA-912,2009-02-08,2009-02-23,1.2.0,1.2.1,1.2.1,[1.2.0, 2.0.0-M1, 1.2.1, 2.0.0-M2, 2.0.0-M1],
OPENJPA-916,2009-02-09,2009-03-01,1.1.0,1.2.1,1.2.1,[1.1.0, 1.2.0, 2.0.0-M2, 1.0.3, 1.2.0, 2.0.0-M1],
OPENJPA-913,2009-02-09,2009-03-16,1.2.0,1.2.1,1.2.1,[1.2.0, 2.0.0-M1],
OPENJPA-917,2009-02-10,2009-02-12,1.2.0,1.2.1,1.2.1,[1.2.0, 2.0.0-M1],
OPENJPA-922,2009-02-16,2015-09-01,1.2.0,1.2.1,2.4.1,[1.2.0, 2.0.0-M2, 2.0.0-M1, 1.2.1, 2.0.0-M2, 2.0.0-M3, 1.2.2, 2.0.0-beta, 2.0.0-beta2, 2.0.0-beta3, 2.0.0, 2.0.1, 1.0.4, 2.1.0, 2.1.1, 2.2.0, 2.2.1, 1.2.3, 2.2.2, 2.3.0, 2.4.0],
OPENJPA-925,2009-02-18,2009-02-19,1.2.0,1.2.1,1.2.1,[1.2.0, 2.0.0-M1, 1.2.1, 2.0.0-M2, 2.0.0-M1],
OPENJPA-932,2009-02-20,2009-06-16,1.2.0,1.2.1,2.0.0-M3,[1.2.0, 2.0.0-M1, 2.0.0-M2, 2.0.0-M1, 1.2.1, 2.0.0-M2],
OPENJPA-933,2009-02-21,2009-04-18,1.2.0,1.2.1,2.0.0-M2,[1.2.0, 2.0.0-M2, 2.0.0-M1, 1.2.1],
OPENJPA-935,2009-02-21,2010-03-15,1.2.0,1.2.1,2.0.0-beta3,[1.2.0, 2.0.0-M1, 1.2.1, 2.0.0-M2, 2.0.0-M3, 1.2.2, 2.0.0-beta, 2.0.0-beta2],
OPENJPA-940,2009-02-25,2011-02-17,1.2.0,1.2.1,2.1.0,[1.2.0, 2.0.0-M2, 2.0.0-M1, 1.2.1, 2.0.0-M2, 2.0.0-M3, 1.2.2, 2.0.0-beta, 2.0.0-beta2, 2.0.0-beta3, 2.0.0, 2.0.1, 1.0.4],
OPENJPA-944,2009-02-26,2010-01-18,1.0.0,1.2.1,1.2.2,[1.0.0, 1.0.1, 1.0.2, 1.1.0, 1.0.3, 1.2.0, 1.0.1, 1.0.2, 1.1.0, 1.0.3, 1.2.0, 2.0.0-M1, 1.2.1, 2.0.0-M2, 2.0.0-M3],
OPENJPA-947,2009-03-01,2009-04-01,1.1.0,1.2.1,2.0.0-M2,[1.1.0, 1.0.3, 1.2.0, 1.0.3, 1.2.0, 2.0.0-M1, 1.2.1],
OPENJPA-955,2009-03-05,2009-03-06,1.2.0,1.2.1,1.2.1,[1.2.0, 2.0.0-M1],
OPENJPA-970,2009-03-10,2009-03-17,1.2.0,1.2.1,1.2.1,[1.2.0, 2.0.0-M1],
OPENJPA-973,2009-03-10,2009-08-17,1.2.0,1.2.1,2.0.0-M3,[1.2.0, 2.0.0-M1, 1.2.1, 2.0.0-M2],
OPENJPA-981,2009-03-16,2009-03-18,1.2.0,1.2.1,1.2.1,[1.2.0, 2.0.0-M1],
OPENJPA-993,2009-03-20,2009-12-21,1.2.0,2.0.0-M2,1.2.2,[1.2.0, 1.2.1, 2.0.0-M1, 1.2.1, 2.0.0-M2, 2.0.0-M3],
OPENJPA-1001,2009-03-29,2010-02-11,1.2.1,2.0.0-M2,2.0.0-beta2,[1.2.1, 2.0.0-M2, 2.0.0-M3, 1.2.2, 2.0.0-beta],
OPENJPA-1006,2009-03-30,2009-04-17,1.2.1,2.0.0-M2,2.0.0-M2,[1.2.1, 2.0.0-M2],
OPENJPA-1002,2009-03-30,2009-09-16,1.1.0,2.0.0-M2,2.0.0-M3,[1.1.0, 1.2.1, 2.0.0-M2, 1.0.3, 1.2.0, 2.0.0-M1, 1.2.1, 2.0.0-M2],
OPENJPA-1020,2009-04-03,2010-03-09,1.2.1,2.0.0-M2,2.0.0-beta3,[1.2.1, 2.0.0-M2, 2.0.0-M2, 2.0.0-M3, 1.2.2, 2.0.0-beta, 2.0.0-beta2],
OPENJPA-1025,2009-04-07,2009-04-30,1.2.1,2.0.0-M2,2.0.0-M2,[1.2.1, 2.0.0-M2],
OPENJPA-1031,2009-04-09,2009-05-07,2.0.0-M1,2.0.0-M2,2.0.0-M2,[2.0.0-M1, 1.2.1],
OPENJPA-1039,2009-04-15,2009-05-08,2.0.0-M1,2.0.0-M2,2.0.0-M2,[2.0.0-M1, 1.2.1],
OPENJPA-1043,2009-04-21,2009-08-28,1.2.1,2.0.0-M2,2.0.0-M3,[1.2.1, 2.0.0-M2, 2.0.0-M2],
OPENJPA-1049,2009-04-22,2009-08-28,1.2.1,2.0.0-M2,2.0.0-M3,[1.2.1, 2.0.0-M2, 2.0.0-M2],
OPENJPA-1046,2009-04-22,2009-11-12,2.0.0-M1,2.0.0-M2,1.2.2,[2.0.0-M1, 1.2.1, 2.0.0-M2, 2.0.0-M3],
OPENJPA-1051,2009-04-28,2009-05-13,1.0.0,2.0.0-M2,2.0.0-M2,[1.0.0, 2.0.0-M2, 1.0.1, 1.0.2, 1.1.0, 1.0.3, 1.2.0, 2.0.0-M1, 1.2.1],
OPENJPA-1054,2009-04-29,2009-05-28,2.0.0-M1,2.0.0-M2,2.0.0-M2,[2.0.0-M1, 1.2.1],
OPENJPA-1061,2009-05-05,2009-06-30,1.2.0,2.0.0-M2,2.0.0-M3,[1.2.0, 1.2.1, 2.0.0-M1, 1.2.1, 2.0.0-M2],
OPENJPA-1067,2009-05-06,2009-05-27,1.0.3,2.0.0-M2,2.0.0-M2,[1.0.3, 1.2.1, 2.0.0-M2, 1.2.0, 2.0.0-M1, 1.2.1],
OPENJPA-1070,2009-05-07,2009-05-09,1.2.1,2.0.0-M2,2.0.0-M2,[1.2.1, 2.0.0-M2],
OPENJPA-1091,2009-05-15,2010-04-15,1.2.1,2.0.0-M2,2.0.0,[1.2.1, 2.0.0-M2, 2.0.0-M2, 2.0.0-M3, 1.2.2, 2.0.0-beta, 2.0.0-beta2, 2.0.0-beta3],
OPENJPA-1099,2009-05-21,2009-05-22,1.1.0,2.0.0-M2,2.0.0-M2,[1.1.0, 1.2.0, 1.2.1, 1.0.3, 1.2.0, 2.0.0-M1, 1.2.1],
OPENJPA-1097,2009-05-21,2010-03-22,2.0.0-M1,2.0.0-M2,2.0.0-beta3,[2.0.0-M1, 1.2.2, 1.2.1, 2.0.0-M2, 2.0.0-M3, 1.2.2, 2.0.0-beta, 2.0.0-beta2],
OPENJPA-1100,2009-05-22,2009-08-28,1.2.1,2.0.0-M2,2.0.0-M3,[1.2.1, 2.0.0-M2, 2.0.0-M2],
OPENJPA-1120,2009-06-05,2009-09-14,1.1.0,2.0.0-M3,2.0.0-M3,[1.1.0, 1.0.3, 1.2.1, 2.0.0, 1.0.3, 1.2.0, 2.0.0-M1, 1.2.1, 2.0.0-M2],
OPENJPA-1121,2009-06-05,2010-03-08,1.2.1,2.0.0-M3,2.0.0-beta3,[1.2.1, 2.0.0-M2, 2.0.0-M3, 1.2.2, 2.0.0-beta, 2.0.0-beta2],
OPENJPA-1127,2009-06-06,2009-06-06,1.2.1,2.0.0-M3,2.0.0-M3,[1.2.1, 2.0.0, 2.0.0-M2],
OPENJPA-1141,2009-06-19,2010-01-08,1.2.0,2.0.0-M3,1.2.2,[1.2.0, 2.0.0-M1, 1.2.1, 2.0.0-M2, 2.0.0-M3],
OPENJPA-1159,2009-07-04,2009-08-27,2.0.0-M2,2.0.0-M3,2.0.0-M3,[2.0.0-M2],
OPENJPA-1160,2009-07-06,2013-03-28,0.9.0,2.0.0-M3,1.2.3,[0.9.0, 0.9.6, 0.9.7, 1.0.0, 1.0.1, 1.0.2, 1.1.0, 1.0.3, 1.2.0, 2.0.0-M1, 1.2.1, 2.0.0-M2, 2.0.0-M3, 1.2.2, 2.0.0-beta, 2.0.0-beta2, 2.0.0-beta3, 2.0.0, 2.0.1, 1.0.4, 2.1.0, 2.1.1, 2.2.0, 2.2.1],
OPENJPA-1168,2009-07-08,2009-07-14,1.2.1,2.0.0-M3,2.0.0-M3,[1.2.1, 2.0.0-M2],
OPENJPA-1163,2009-07-08,2009-08-03,1.2.1,2.0.0-M3,2.0.0-M3,[1.2.1, 2.0.0-M2],
OPENJPA-1165,2009-07-08,2009-10-21,1.2.1,2.0.0-M3,1.2.2,[1.2.1, 2.0.0-M2, 2.0.0-M3],
OPENJPA-1184,2009-07-20,2009-09-11,1.2.1,2.0.0-M3,2.0.0-M3,[1.2.1, 2.0.0-M2],
OPENJPA-1197,2009-07-27,2009-07-27,1.0.3,2.0.0-M3,2.0.0-M3,[1.0.3, 1.2.1, 1.2.0, 2.0.0-M1, 1.2.1, 2.0.0-M2],
OPENJPA-1200,2009-07-28,2009-08-21,2.0.0-M2,2.0.0-M3,2.0.0-M3,[2.0.0-M2],
OPENJPA-1201,2009-07-28,2009-09-14,1.2.0,2.0.0-M3,2.0.0-M3,[1.2.0, 1.2.1, 2.0.0-M1, 1.2.1, 2.0.0-M2],
OPENJPA-1204,2009-07-29,2009-07-29,1.2.1,2.0.0-M3,2.0.0-M3,[1.2.1, 2.0.0-M2],
OPENJPA-1206,2009-07-29,2009-08-01,2.0.0-M2,2.0.0-M3,2.0.0-M3,[2.0.0-M2, 2.0.0],
OPENJPA-1205,2009-07-29,2010-03-23,1.2.1,2.0.0-M3,2.0.0-beta3,[1.2.1, 2.0.0-M2, 2.0.0-M3, 1.2.2, 2.0.0-beta, 2.0.0-beta2],
OPENJPA-1211,2009-07-30,2009-07-31,2.0.0-M2,2.0.0-M3,2.0.0-M3,[2.0.0-M2],
OPENJPA-1218,2009-07-31,2009-07-31,2.0.0-M1,2.0.0-M3,2.0.0-M3,[2.0.0-M1, 2.0.0-M2, 2.0.0, 1.2.1, 2.0.0-M2],
OPENJPA-1217,2009-07-31,2009-08-27,2.0.0-M2,2.0.0-M3,2.0.0-M3,[2.0.0-M2],
OPENJPA-1224,2009-08-04,2009-12-22,1.2.1,2.0.0-M3,1.2.2,[1.2.1, 2.0.0-M2, 2.0.0-M3],
OPENJPA-1227,2009-08-05,2009-09-14,1.2.1,2.0.0-M3,2.0.0-M3,[1.2.1, 2.0.0-M2],
OPENJPA-1226,2009-08-05,2013-04-10,0.9.0,2.0.0-M3,1.2.3,[0.9.0, 0.9.6, 0.9.7, 1.0.0, 1.0.1, 1.0.2, 1.1.0, 1.0.3, 1.2.0, 2.0.0-M1, 1.2.1, 2.0.0-M2, 2.0.0-M3, 1.2.2, 2.0.0-beta, 2.0.0-beta2, 2.0.0-beta3, 2.0.0, 2.0.1, 1.0.4, 2.1.0, 2.1.1, 2.2.0, 2.2.1],
OPENJPA-1232,2009-08-07,2009-08-07,2.0.0-M2,2.0.0-M3,2.0.0-M3,[2.0.0-M2],
OPENJPA-1234,2009-08-09,2010-03-04,1.2.0,2.0.0-M3,2.0.0-beta3,[1.2.0, 2.0.0-M1, 1.2.1, 2.0.0-M2, 2.0.0-M3, 1.2.2, 2.0.0-beta, 2.0.0-beta2],
OPENJPA-1242,2009-08-12,2009-08-13,2.0.0-M2,2.0.0-M3,2.0.0-M3,[2.0.0-M2],
OPENJPA-1244,2009-08-13,2009-08-13,1.0.3,2.0.0-M3,2.0.0-M3,[1.0.3, 1.2.0, 2.0.0-M1, 1.2.1, 2.0.0-M2],
OPENJPA-1248,2009-08-15,2010-03-21,1.1.0,2.0.0-M3,2.0.0-beta3,[1.1.0, 1.2.0, 1.2.1, 1.2.2, 1.0.3, 1.2.0, 2.0.0-M1, 1.2.1, 2.0.0-M2, 2.0.0-M3, 1.2.2, 2.0.0-beta, 2.0.0-beta2],
OPENJPA-1250,2009-08-17,2009-08-17,2.0.0-M2,2.0.0-M3,2.0.0-M3,[2.0.0-M2],
OPENJPA-1256,2009-08-19,2009-08-20,2.0.0-M2,2.0.0-M3,2.0.0-M3,[2.0.0-M2],
OPENJPA-1253,2009-08-19,2009-09-28,2.0.0-M1,2.0.0-M3,2.0.0-M3,[2.0.0-M1, 2.0.0-M2, 2.0.0-M3, 1.2.1, 2.0.0-M2],
OPENJPA-1263,2009-08-25,2009-12-12,1.1.0,2.0.0-M3,1.2.2,[1.1.0, 1.2.0, 1.2.1, 1.0.3, 1.2.0, 2.0.0-M1, 1.2.1, 2.0.0-M2, 2.0.0-M3],
OPENJPA-1269,2009-08-28,2009-08-28,2.0.0-M2,2.0.0-M3,2.0.0-M3,[2.0.0-M2],
OPENJPA-1279,2009-09-01,2009-09-16,2.0.0-M2,2.0.0-M3,2.0.0-M3,[2.0.0-M2],
OPENJPA-1281,2009-09-02,2009-09-02,2.0.0-M2,2.0.0-M3,2.0.0-M3,[2.0.0-M2],
OPENJPA-1283,2009-09-02,2009-09-03,2.0.0-M2,2.0.0-M3,2.0.0-M3,[2.0.0-M2],
OPENJPA-1284,2009-09-02,2009-10-06,1.1.0,2.0.0-M3,2.0.0-M3,[1.1.0, 1.0.3, 1.2.1, 2.0.0-M3, 1.0.3, 1.2.0, 2.0.0-M1, 1.2.1, 2.0.0-M2],
OPENJPA-1286,2009-09-03,2009-09-09,2.0.0-M2,2.0.0-M3,2.0.0-M3,[2.0.0-M2],
OPENJPA-1295,2009-09-11,2009-09-11,1.1.0,2.0.0-M3,2.0.0-M3,[1.1.0, 1.0.3, 1.2.1, 2.0.0-M2, 1.0.3, 1.2.0, 2.0.0-M1, 1.2.1, 2.0.0-M2],
OPENJPA-1302,2009-09-15,2009-09-15,1.1.0,2.0.0-M3,2.0.0-M3,[1.1.0, 1.0.3, 1.2.1, 2.0.0-M2, 1.0.3, 1.2.0, 2.0.0-M1, 1.2.1, 2.0.0-M2],
OPENJPA-1308,2009-09-18,2009-10-23,1.0.3,2.0.0-M3,1.2.2,[1.0.3, 1.2.1, 2.0.0-M2, 2.0.0-M3, 1.2.0, 2.0.0-M1, 1.2.1, 2.0.0-M2, 2.0.0-M3],
OPENJPA-1321,2009-09-21,2009-10-10,1.2.1,2.0.0-M3,2.0.0-M3,[1.2.1, 2.0.0-M2],
OPENJPA-1326,2009-09-23,2009-12-11,1.2.1,2.0.0-M3,1.2.2,[1.2.1, 2.0.0-M2, 2.0.0-M3],
OPENJPA-1328,2009-09-25,2009-11-13,1.2.0,2.0.0-M3,1.2.2,[1.2.0, 1.2.1, 2.0.0-M1, 1.2.1, 2.0.0-M2, 2.0.0-M3],
OPENJPA-1335,2009-10-02,2010-03-24,2.0.0-M2,2.0.0-M3,2.0.0-beta3,[2.0.0-M2, 2.0.0-M3, 1.2.2, 2.0.0-beta, 2.0.0-beta2],
OPENJPA-1344,2009-10-12,2009-10-12,2.0.0-M2,2.0.0-M3,2.0.0-M3,[2.0.0-M2, 2.0.0-M3],
OPENJPA-1351,2009-10-14,2009-10-16,2.0.0-M3,1.2.2,1.2.2,[2.0.0-M3],
OPENJPA-1350,2009-10-14,2010-02-25,1.0.3,1.2.2,2.0.0-beta2,[1.0.3, 1.2.1, 2.0.0-M3, 1.2.0, 2.0.0-M1, 1.2.1, 2.0.0-M2, 2.0.0-M3, 1.2.2, 2.0.0-beta],
OPENJPA-1352,2009-10-15,2009-10-16,2.0.0-M3,1.2.2,1.2.2,[2.0.0-M3],
OPENJPA-1354,2009-10-19,2009-11-12,2.0.0-M2,1.2.2,1.2.2,[2.0.0-M2, 2.0.0-M3],
OPENJPA-1370,2009-10-30,2009-11-02,2.0.0-M3,1.2.2,1.2.2,[2.0.0-M3],
OPENJPA-1367,2009-10-30,2010-02-08,2.0.0-M1,1.2.2,2.0.0-beta2,[2.0.0-M1, 1.2.1, 2.0.0-M2, 2.0.0-M3, 2.0.0-beta, 1.2.1, 2.0.0-M2, 2.0.0-M3, 1.2.2, 2.0.0-beta],
OPENJPA-1371,2009-10-30,2010-03-24,2.0.0-M3,1.2.2,2.0.0-beta3,[2.0.0-M3, 1.2.2, 2.0.0-beta, 2.0.0-beta2],
OPENJPA-1372,2009-10-31,2010-09-07,1.2.1,1.2.2,2.1.0,[1.2.1, 2.0.0-M3, 2.0.0-M2, 2.0.0-M3, 1.2.2, 2.0.0-beta, 2.0.0-beta2, 2.0.0-beta3, 2.0.0, 2.0.1, 1.0.4],
OPENJPA-1375,2009-11-04,2009-11-06,2.0.0-M3,1.2.2,1.2.2,[2.0.0-M3],
OPENJPA-1376,2009-11-04,2011-03-13,1.2.1,1.2.2,2.1.1,[1.2.1, 2.0.0-M3, 2.1.0, 2.0.0-M2, 2.0.0-M3, 1.2.2, 2.0.0-beta, 2.0.0-beta2, 2.0.0-beta3, 2.0.0, 2.0.1, 1.0.4, 2.1.0],
OPENJPA-1377,2009-11-06,2009-11-19,2.0.0-M3,1.2.2,1.2.2,[2.0.0-M3],
OPENJPA-1379,2009-11-09,2009-11-09,2.0.0-M3,1.2.2,1.2.2,[2.0.0-M3],
OPENJPA-1380,2009-11-11,2009-11-12,1.2.1,1.2.2,1.2.2,[1.2.1, 2.0.0-M2, 2.0.0-M3],
OPENJPA-1385,2009-11-12,2009-11-12,2.0.0-M3,1.2.2,1.2.2,[2.0.0-M3],
OPENJPA-1383,2009-11-12,2009-11-14,2.0.0-M2,1.2.2,1.2.2,[2.0.0-M2, 2.0.0-M3],
OPENJPA-1384,2009-11-12,2010-01-08,1.2.1,1.2.2,1.2.2,[1.2.1, 2.0.0-M2, 2.0.0-M3],
OPENJPA-1386,2009-11-13,2009-11-16,2.0.0-M3,1.2.2,1.2.2,[2.0.0-M3],
OPENJPA-1387,2009-11-13,2013-01-23,2.0.0-M3,1.2.2,1.2.3,[2.0.0-M3, 1.2.3, 1.2.2, 2.0.0-beta, 2.0.0-beta2, 2.0.0-beta3, 2.0.0, 2.0.1, 1.0.4, 2.1.0, 2.1.1, 2.2.0, 2.2.1],
OPENJPA-1388,2009-11-16,2009-11-17,2.0.0-M2,1.2.2,1.2.2,[2.0.0-M2, 2.0.0-M3],
OPENJPA-1391,2009-11-17,2009-11-30,2.0.0-M3,1.2.2,1.2.2,[2.0.0-M3],
OPENJPA-1390,2009-11-17,2009-11-30,2.0.0-M3,1.2.2,1.2.2,[2.0.0-M3],
OPENJPA-1394,2009-11-18,2009-11-19,2.0.0-M3,1.2.2,1.2.2,[2.0.0-M3],
OPENJPA-1393,2009-11-18,2009-11-30,2.0.0-M3,1.2.2,1.2.2,[2.0.0-M3],
OPENJPA-1392,2009-11-18,2009-11-30,2.0.0-M3,1.2.2,1.2.2,[2.0.0-M3],
OPENJPA-1396,2009-11-19,2009-11-19,2.0.0-M3,1.2.2,1.2.2,[2.0.0-M3],
OPENJPA-1397,2009-11-19,2009-12-18,1.2.1,1.2.2,1.2.2,[1.2.1, 2.0.0-M3, 2.0.0-M2, 2.0.0-M3],
OPENJPA-1400,2009-11-23,2009-12-08,1.2.1,1.2.2,1.2.2,[1.2.1, 2.0.0-M3, 2.0.0-M2, 2.0.0-M3],
OPENJPA-1401,2009-11-25,2009-12-18,2.0.0-M3,1.2.2,1.2.2,[2.0.0-M3],
OPENJPA-1407,2009-12-01,2009-12-16,1.1.0,1.2.2,1.2.2,[1.1.0, 1.0.3, 1.2.0, 2.0.0-M1, 1.2.1, 2.0.0-M2, 2.0.0-M3],
OPENJPA-1409,2009-12-01,2010-01-18,2.0.0-M2,1.2.2,1.2.2,[2.0.0-M2, 2.0.0-M3],
OPENJPA-1410,2009-12-02,2010-03-22,2.0.0-M3,1.2.2,2.0.0-beta3,[2.0.0-M3, 2.0.0-beta, 2.0.0-beta2, 1.2.2, 2.0.0-beta, 2.0.0-beta2],
OPENJPA-1413,2009-12-03,2009-12-03,2.0.0-M3,1.2.2,1.2.2,[2.0.0-M3],
OPENJPA-1424,2009-12-10,2010-05-03,1.2.1,1.2.2,2.0.1,[1.2.1, 2.0.0-M2, 2.0.0-M3, 1.2.2, 2.0.0-beta, 2.0.0-beta2, 2.0.0-beta3, 2.0.0],
OPENJPA-1425,2009-12-11,2010-01-18,2.0.0-M2,1.2.2,1.2.2,[2.0.0-M2, 2.0.0-M3],
OPENJPA-1431,2009-12-15,2009-12-15,2.0.0-M3,1.2.2,1.2.2,[2.0.0-M3],
OPENJPA-1435,2009-12-16,2009-12-16,2.0.0-M3,1.2.2,1.2.2,[2.0.0-M3],
OPENJPA-1432,2009-12-16,2010-03-09,2.0.0-M3,1.2.2,2.0.0-beta3,[2.0.0-M3, 1.2.2, 2.0.0-beta, 2.0.0-beta2],
OPENJPA-1442,2009-12-23,2009-12-23,2.0.0-M3,1.2.2,1.2.2,[2.0.0-M3],
OPENJPA-1452,2010-01-02,2010-01-08,2.0.0-M3,1.2.2,1.2.2,[2.0.0-M3],
OPENJPA-1454,2010-01-06,2010-11-02,2.0.0-M3,1.2.2,2.1.0,[2.0.0-M3, 1.2.2, 2.0.0-beta, 2.0.0-beta2, 2.0.0-beta3, 2.0.0, 2.0.1, 1.0.4],
OPENJPA-1458,2010-01-13,2010-03-09,2.0.0-M3,1.2.2,2.0.0-beta3,[2.0.0-M3, 1.2.2, 2.0.0-beta, 2.0.0-beta2],
OPENJPA-1460,2010-01-14,2010-03-09,2.0.0-M3,1.2.2,2.0.0-beta3,[2.0.0-M3, 2.0.0-beta, 1.2.2, 2.0.0-beta, 2.0.0-beta2],
OPENJPA-1463,2010-01-15,2010-01-15,2.0.0-M2,1.2.2,1.2.2,[2.0.0-M2, 2.0.0-M3],
OPENJPA-1461,2010-01-15,2010-01-15,2.0.0-M3,1.2.2,1.2.2,[2.0.0-M3],
OPENJPA-1464,2010-01-15,2010-01-18,2.0.0-M2,1.2.2,1.2.2,[2.0.0-M2, 2.0.0-M3],
OPENJPA-1467,2010-01-18,2010-01-18,2.0.0-M1,1.2.2,1.2.2,[2.0.0-M1, 2.0.0-M2, 2.0.0-M3, 1.2.1, 2.0.0-M2, 2.0.0-M3],
OPENJPA-1477,2010-01-21,2010-03-15,2.0.0-M3,2.0.0-beta,2.0.0-beta3,[2.0.0-M3, 1.2.2, 2.0.0-beta, 2.0.0-beta2],
OPENJPA-1478,2010-01-22,2010-01-22,2.0.0-M3,2.0.0-beta,2.0.0-beta,[2.0.0-M3, 1.2.2],
OPENJPA-1482,2010-01-26,2010-03-04,2.0.0-M3,2.0.0-beta,2.0.0-beta3,[2.0.0-M3, 1.2.2, 2.0.0-beta, 1.2.2, 2.0.0-beta, 2.0.0-beta2],
OPENJPA-1491,2010-02-01,2010-03-12,2.0.0-beta,2.0.0-beta2,2.0.0-beta3,[2.0.0-beta, 2.0.0-beta2],
OPENJPA-1494,2010-02-03,2010-02-05,2.0.0-beta,2.0.0-beta2,2.0.0-beta2,[2.0.0-beta],
OPENJPA-1495,2010-02-04,2010-05-24,2.0.0-M3,2.0.0-beta2,2.0.1,[2.0.0-M3, 1.2.2, 2.0.0-beta, 2.0.0-beta2, 2.0.0-beta3, 2.0.0],
OPENJPA-1496,2010-02-05,2010-02-09,2.0.0-beta,2.0.0-beta2,2.0.0-beta2,[2.0.0-beta],
OPENJPA-1500,2010-02-08,2010-03-04,1.0.3,2.0.0-beta2,2.0.0-beta3,[1.0.3, 1.2.2, 1.2.0, 2.0.0-M1, 1.2.1, 2.0.0-M2, 2.0.0-M3, 1.2.2, 2.0.0-beta, 2.0.0-beta2],
OPENJPA-1501,2010-02-08,2010-07-15,1.2.2,2.0.0-beta2,2.0.1,[1.2.2, 2.0.0, 2.0.0-beta, 2.0.0-beta2, 2.0.0-beta3, 2.0.0],
OPENJPA-1503,2010-02-09,2010-03-15,2.0.0-beta,2.0.0-beta2,2.0.0-beta3,[2.0.0-beta, 2.0.0-beta2],
OPENJPA-1504,2010-02-10,2010-02-10,2.0.0-beta,2.0.0-beta2,2.0.0-beta2,[2.0.0-beta],
OPENJPA-1507,2010-02-12,2010-02-12,2.0.0-beta,2.0.0-beta2,2.0.0-beta2,[2.0.0-beta],
OPENJPA-1509,2010-02-13,2010-02-13,2.0.0-M3,2.0.0-beta2,2.0.0-beta2,[2.0.0-M3, 2.0.0-beta, 1.2.2, 2.0.0-beta],
OPENJPA-1510,2010-02-13,2010-04-05,2.0.0-beta,2.0.0-beta2,2.0.0,[2.0.0-beta, 2.0.0-beta2, 2.0.0-beta3],
OPENJPA-1515,2010-02-16,2010-02-16,2.0.0-beta,2.0.0-beta2,2.0.0-beta2,[2.0.0-beta],
OPENJPA-1518,2010-02-17,2010-03-09,2.0.0-beta,2.0.0-beta2,2.0.0-beta3,[2.0.0-beta, 2.0.0-beta2],
OPENJPA-1524,2010-02-19,2010-03-22,2.0.0-beta,2.0.0-beta2,2.0.0-beta3,[2.0.0-beta, 2.0.0-beta2],
OPENJPA-1533,2010-02-24,2010-02-24,2.0.0-beta,2.0.0-beta2,2.0.0-beta2,[2.0.0-beta],
OPENJPA-1536,2010-02-24,2010-02-25,2.0.0-beta,2.0.0-beta2,2.0.0-beta2,[2.0.0-beta, 2.0.0-beta2],
OPENJPA-1535,2010-02-24,2010-02-25,1.1.0,2.0.0-beta2,2.0.0-beta2,[1.1.0, 1.0.3, 1.2.2, 2.0.0-beta, 1.0.3, 1.2.0, 2.0.0-M1, 1.2.1, 2.0.0-M2, 2.0.0-M3, 1.2.2, 2.0.0-beta],
OPENJPA-1542,2010-02-25,2010-02-26,2.0.0-beta,2.0.0-beta2,2.0.0-beta2,[2.0.0-beta],
OPENJPA-1544,2010-03-01,2010-03-01,2.0.0-beta2,2.0.0-beta3,2.0.0-beta3,[2.0.0-beta2],
OPENJPA-1546,2010-03-02,2010-03-02,2.0.0-beta2,2.0.0-beta3,2.0.0-beta3,[2.0.0-beta2],
OPENJPA-1547,2010-03-02,2010-03-09,1.2.2,2.0.0-beta3,2.0.0-beta3,[1.2.2, 2.0.0-beta2, 2.0.0, 2.0.0-beta, 2.0.0-beta2],
OPENJPA-1550,2010-03-05,2010-03-25,1.2.2,2.0.0-beta3,2.0.0-beta3,[1.2.2, 2.0.0-beta2, 2.0.0-beta, 2.0.0-beta2],
OPENJPA-1556,2010-03-09,2010-03-10,2.0.0-beta2,2.0.0-beta3,2.0.0-beta3,[2.0.0-beta2],
OPENJPA-1565,2010-03-11,2010-03-22,2.0.0-M1,2.0.0-beta3,2.0.0-beta3,[2.0.0-M1, 2.0.0-M2, 2.0.0-M3, 2.0.0-beta, 2.0.0-beta2, 1.2.1, 2.0.0-M2, 2.0.0-M3, 1.2.2, 2.0.0-beta, 2.0.0-beta2],
OPENJPA-1562,2010-03-11,2010-03-24,2.0.0-beta2,2.0.0-beta3,2.0.0-beta3,[2.0.0-beta2],
OPENJPA-1570,2010-03-13,2010-03-16,2.0.0-beta2,2.0.0-beta3,2.0.0-beta3,[2.0.0-beta2],
OPENJPA-1569,2010-03-13,2013-04-10,1.2.2,2.0.0-beta3,1.2.3,[1.2.2, 2.0.0-beta2, 2.0.0-beta, 2.0.0-beta2, 2.0.0-beta3, 2.0.0, 2.0.1, 1.0.4, 2.1.0, 2.1.1, 2.2.0, 2.2.1],
OPENJPA-1575,2010-03-15,2010-03-15,2.0.0-beta2,2.0.0-beta3,2.0.0-beta3,[2.0.0-beta2],
OPENJPA-1573,2010-03-15,2010-03-16,2.0.0-beta2,2.0.0-beta3,2.0.0-beta3,[2.0.0-beta2],
OPENJPA-1571,2010-03-15,2010-03-21,2.0.0-beta2,2.0.0-beta3,2.0.0-beta3,[2.0.0-beta2],
OPENJPA-1578,2010-03-16,2010-03-22,2.0.0-beta2,2.0.0-beta3,2.0.0-beta3,[2.0.0-beta2],
OPENJPA-1577,2010-03-16,2010-03-22,2.0.0-beta2,2.0.0-beta3,2.0.0-beta3,[2.0.0-beta2],
OPENJPA-1580,2010-03-17,2010-03-19,2.0.0-beta2,2.0.0-beta3,2.0.0-beta3,[2.0.0-beta2],
OPENJPA-1581,2010-03-18,2010-03-22,2.0.0-beta,2.0.0-beta3,2.0.0-beta3,[2.0.0-beta, 2.0.0-beta2],
OPENJPA-1583,2010-03-18,2013-04-10,1.0.2,2.0.0-beta3,1.2.3,[1.0.2, 1.1.0, 1.0.3, 1.2.0, 2.0.0-M1, 1.2.1, 2.0.0-M2, 2.0.0-M3, 1.2.2, 2.0.0-beta, 2.0.0-beta2, 2.0.0-beta3, 2.0.0, 2.0.1, 1.0.4, 2.1.0, 2.1.1, 2.2.0, 2.2.1],
OPENJPA-1590,2010-03-22,2015-04-05,2.0.0-M3,2.0.0-beta3,2.4.0,[2.0.0-M3, 2.1.1, 2.2.0, 1.2.2, 2.0.0-beta, 2.0.0-beta2, 2.0.0-beta3, 2.0.0, 2.0.1, 1.0.4, 2.1.0, 2.1.1, 2.2.0, 2.2.1, 1.2.3, 2.2.2, 2.3.0],
OPENJPA-1596,2010-03-23,2010-03-23,2.0.0-beta2,2.0.0-beta3,2.0.0-beta3,[2.0.0-beta2],
OPENJPA-1599,2010-03-25,2010-04-10,2.0.0-beta2,2.0.0-beta3,2.0.0,[2.0.0-beta2, 2.0.0-beta3, 2.0.0, 2.0.0-beta3],
OPENJPA-1605,2010-03-31,2010-04-15,2.0.0-beta3,2.0.0,2.0.0,[2.0.0-beta3],
OPENJPA-1613,2010-04-06,2011-01-12,2.0.0-beta2,2.0.0,2.1.0,[2.0.0-beta2, 2.0.0-beta3, 2.0.0-beta3, 2.0.0, 2.0.1, 1.0.4],
OPENJPA-1618,2010-04-08,2010-04-08,2.0.0-beta3,2.0.0,2.0.0,[2.0.0-beta3],
OPENJPA-1626,2010-04-12,2010-07-14,1.1.0,2.0.0,2.0.1,[1.1.0, 1.0.3, 1.2.0, 2.0.0-M1, 1.2.1, 2.0.0-M2, 2.0.0-M3, 1.2.2, 2.0.0-beta, 2.0.0-beta2, 2.0.0-beta3, 2.0.0],
OPENJPA-1627,2010-04-12,2011-01-12,2.0.0-beta3,2.0.0,2.1.0,[2.0.0-beta3, 2.0.0, 2.0.1, 1.0.4],
OPENJPA-1631,2010-04-13,2010-04-15,1.2.2,2.0.0,2.0.0,[1.2.2, 2.0.0-beta3, 2.0.0-beta, 2.0.0-beta2, 2.0.0-beta3],
OPENJPA-1630,2010-04-13,2010-04-15,1.2.2,2.0.0,2.0.0,[1.2.2, 2.0.0-beta3, 2.0.0, 2.0.1, 2.1.0, 2.0.0-beta, 2.0.0-beta2, 2.0.0-beta3],
OPENJPA-1641,2010-04-27,2010-06-14,2.0.0-beta3,2.0.1,2.0.1,[2.0.0-beta3, 2.0.0],
OPENJPA-1644,2010-04-30,2013-04-10,1.2.2,2.0.1,1.2.3,[1.2.2, 2.0.0, 2.0.0-beta, 2.0.0-beta2, 2.0.0-beta3, 2.0.0, 2.0.1, 1.0.4, 2.1.0, 2.1.1, 2.2.0, 2.2.1],
OPENJPA-1646,2010-05-03,2010-05-03,1.2.2,2.0.1,2.0.1,[1.2.2, 2.0.0, 2.0.0-beta, 2.0.0-beta2, 2.0.0-beta3, 2.0.0],
OPENJPA-1648,2010-05-04,2011-01-12,2.0.0-beta2,2.0.1,2.1.0,[2.0.0-beta2, 2.0.0-beta3, 2.0.0, 2.0.1, 1.0.4],
OPENJPA-1650,2010-05-04,2011-09-21,1.2.2,2.0.1,2.2.0,[1.2.2, 2.0.0-beta, 2.0.0-beta2, 2.0.0-beta3, 2.0.0, 2.0.1, 1.0.4, 2.1.0, 2.1.1],
OPENJPA-1651,2010-05-05,2011-12-12,1.2.2,2.0.1,2.2.0,[1.2.2, 2.0.0-beta, 2.0.0-beta2, 2.0.0-beta3, 2.0.0, 2.0.1, 1.0.4, 2.1.0, 2.1.1],
OPENJPA-1657,2010-05-10,2011-04-27,2.0.0-beta,2.0.1,2.1.1,[2.0.0-beta, 2.0.0-beta2, 2.0.0-beta3, 2.0.0, 2.0.1, 1.0.4, 2.1.0],
OPENJPA-1662,2010-05-11,2011-01-12,2.0.0-beta2,2.0.1,2.1.0,[2.0.0-beta2, 2.0.0-beta3, 2.0.0, 2.0.1, 1.0.4],
OPENJPA-1665,2010-05-12,2011-03-23,2.0.0,2.0.1,2.1.1,[2.0.0, 2.0.1, 1.0.4, 2.1.0],
OPENJPA-1667,2010-05-16,2010-05-26,2.0.0,2.0.1,2.0.1,[2.0.0],
OPENJPA-1668,2010-05-17,2010-08-12,1.0.3,2.0.1,2.0.1,[1.0.3, 1.2.2, 2.0.0, 1.2.0, 2.0.0-M1, 1.2.1, 2.0.0-M2, 2.0.0-M3, 1.2.2, 2.0.0-beta, 2.0.0-beta2, 2.0.0-beta3, 2.0.0],
OPENJPA-1670,2010-05-19,2010-05-19,1.2.2,2.0.1,2.0.1,[1.2.2, 2.0.0, 2.0.0-beta, 2.0.0-beta2, 2.0.0-beta3, 2.0.0],
OPENJPA-1676,2010-05-31,2010-07-13,2.0.0,2.0.1,2.0.1,[2.0.0, 2.1.0],
OPENJPA-1679,2010-06-02,2010-06-02,2.0.0,2.0.1,2.0.1,[2.0.0],
OPENJPA-1678,2010-06-02,2010-07-15,1.1.0,2.0.1,2.0.1,[1.1.0, 1.0.3, 1.2.2, 2.0.0, 2.1.0, 1.0.3, 1.2.0, 2.0.0-M1, 1.2.1, 2.0.0-M2, 2.0.0-M3, 1.2.2, 2.0.0-beta, 2.0.0-beta2, 2.0.0-beta3, 2.0.0],
OPENJPA-1683,2010-06-05,2011-01-12,2.0.0-beta2,2.0.1,2.1.0,[2.0.0-beta2, 2.0.0-beta3, 2.0.0, 2.0.1, 1.0.4],
OPENJPA-1685,2010-06-07,2010-06-08,2.0.0,2.0.1,2.0.1,[2.0.0],
OPENJPA-1686,2010-06-08,2011-09-21,1.2.2,2.0.1,2.2.0,[1.2.2, 2.0.0-beta, 2.0.0-beta2, 2.0.0-beta3, 2.0.0, 2.0.1, 1.0.4, 2.1.0, 2.1.1],
OPENJPA-1690,2010-06-09,2010-06-09,2.0.0,2.0.1,2.0.1,[2.0.0],
OPENJPA-1689,2010-06-09,2010-06-24,2.0.0,2.0.1,2.0.1,[2.0.0],
OPENJPA-1692,2010-06-10,2010-10-11,2.0.0,2.0.1,2.1.0,[2.0.0, 2.1.0, 2.0.1, 1.0.4],
OPENJPA-1691,2010-06-10,2011-07-27,1.2.2,2.0.1,2.2.0,[1.2.2, 2.0.0, 2.0.1, 2.0.0-beta, 2.0.0-beta2, 2.0.0-beta3, 2.0.0, 2.0.1, 1.0.4, 2.1.0, 2.1.1],
OPENJPA-1695,2010-06-11,2010-06-15,1.1.0,2.0.1,2.0.1,[1.1.0, 2.0.0, 2.1.0, 1.0.3, 1.2.0, 2.0.0-M1, 1.2.1, 2.0.0-M2, 2.0.0-M3, 1.2.2, 2.0.0-beta, 2.0.0-beta2, 2.0.0-beta3, 2.0.0],
OPENJPA-1696,2010-06-12,2010-07-24,2.0.0,2.0.1,2.0.1,[2.0.0],
OPENJPA-1702,2010-06-18,2014-02-05,1.2.0,2.0.1,2.4.0,[1.2.0, 2.0.0, 2.0.0-M1, 1.2.1, 2.0.0-M2, 2.0.0-M3, 1.2.2, 2.0.0-beta, 2.0.0-beta2, 2.0.0-beta3, 2.0.0, 2.0.1, 1.0.4, 2.1.0, 2.1.1, 2.2.0, 2.2.1, 1.2.3, 2.2.2, 2.3.0],
OPENJPA-1704,2010-06-21,2010-07-19,1.2.2,2.0.1,2.0.1,[1.2.2, 2.0.0, 2.1.0, 2.0.0-beta, 2.0.0-beta2, 2.0.0-beta3, 2.0.0],
OPENJPA-1710,2010-06-28,2011-04-27,2.0.0,2.0.1,2.1.1,[2.0.0, 2.0.1, 1.0.4, 2.1.0],
OPENJPA-1713,2010-06-30,2010-08-09,1.1.0,2.0.1,2.0.1,[1.1.0, 1.2.2, 2.0.0, 1.0.3, 1.2.0, 2.0.0-M1, 1.2.1, 2.0.0-M2, 2.0.0-M3, 1.2.2, 2.0.0-beta, 2.0.0-beta2, 2.0.0-beta3, 2.0.0],
OPENJPA-1714,2010-06-30,2010-08-16,2.0.0,2.0.1,2.0.1,[2.0.0],
OPENJPA-1718,2010-07-07,2010-07-13,2.0.0,2.0.1,2.0.1,[2.0.0],
OPENJPA-1719,2010-07-07,2010-07-26,2.0.0,2.0.1,2.0.1,[2.0.0],
OPENJPA-1722,2010-07-12,2010-08-16,2.0.0,2.0.1,2.0.1,[2.0.0],
OPENJPA-1725,2010-07-14,2011-05-11,1.2.2,2.0.1,2.1.1,[1.2.2, 2.0.0, 2.1.0, 2.0.0-beta, 2.0.0-beta2, 2.0.0-beta3, 2.0.0, 2.0.1, 1.0.4, 2.1.0],
OPENJPA-1727,2010-07-16,2010-08-09,2.0.0,2.0.1,2.0.1,[2.0.0, 2.1.0],
OPENJPA-1737,2010-07-21,2010-07-21,2.0.0,2.0.1,2.0.1,[2.0.0],
OPENJPA-1742,2010-07-21,2010-07-23,2.0.0,2.0.1,2.0.1,[2.0.0],
OPENJPA-1738,2010-07-21,2010-07-24,2.0.0,2.0.1,2.0.1,[2.0.0, 2.0.1, 2.1.0],
OPENJPA-1736,2010-07-21,2010-08-21,2.0.0,2.0.1,2.0.1,[2.0.0],
OPENJPA-1743,2010-07-22,2010-10-12,1.2.2,2.0.1,2.1.0,[1.2.2, 2.0.0, 2.1.0, 2.0.0-beta, 2.0.0-beta2, 2.0.0-beta3, 2.0.0, 2.0.1, 1.0.4],
OPENJPA-1746,2010-07-23,2011-09-21,1.2.2,2.0.1,2.2.0,[1.2.2, 2.0.0-beta, 2.0.0-beta2, 2.0.0-beta3, 2.0.0, 2.0.1, 1.0.4, 2.1.0, 2.1.1],
OPENJPA-1749,2010-07-28,2010-07-28,2.0.0,2.0.1,2.0.1,[2.0.0],
OPENJPA-1756,2010-08-01,2010-08-01,2.0.0-beta3,2.0.1,2.0.1,[2.0.0-beta3, 2.0.0],
OPENJPA-1757,2010-08-02,2010-08-09,2.0.0,2.0.1,2.0.1,[2.0.0, 2.1.0],
OPENJPA-1765,2010-08-12,2010-09-13,2.0.0,2.0.1,2.1.0,[2.0.0, 2.1.0, 2.0.1, 1.0.4],
OPENJPA-1768,2010-08-13,2011-06-27,2.0.0,2.0.1,2.1.1,[2.0.0, 2.1.0, 2.0.1, 1.0.4, 2.1.0],
OPENJPA-1769,2010-08-18,2010-08-18,2.0.0,2.0.1,2.0.1,[2.0.0, 2.1.0],
OPENJPA-1770,2010-08-19,2010-08-19,2.0.0,2.0.1,2.0.1,[2.0.0, 2.1.0],
OPENJPA-1784,2010-09-08,2010-09-10,2.0.1,2.1.0,2.1.0,[2.0.1, 1.0.4],
OPENJPA-1788,2010-09-10,2010-09-10,2.0.0,2.1.0,2.1.0,[2.0.0, 2.0.1, 2.0.1, 1.0.4],
OPENJPA-1787,2010-09-10,2011-03-16,2.0.1,2.1.0,2.1.1,[2.0.1, 2.1.0, 2.2.0, 1.0.4, 2.1.0],
OPENJPA-1790,2010-09-13,2010-09-23,2.0.1,2.1.0,2.1.0,[2.0.1, 1.0.4],
OPENJPA-1794,2010-09-15,2013-10-17,2.0.0,2.1.0,2.3.0,[2.0.0, 2.0.1, 1.0.4, 2.1.0, 2.1.1, 2.2.0, 2.2.1, 1.2.3, 2.2.2],
OPENJPA-1800,2010-09-16,2010-09-21,2.0.0,2.1.0,2.1.0,[2.0.0, 2.0.1, 1.0.4],
OPENJPA-1801,2010-09-16,2010-10-05,2.0.1,2.1.0,2.1.0,[2.0.1, 2.1.0, 1.0.4],
OPENJPA-1804,2010-09-18,2011-01-12,2.0.1,2.1.0,2.1.0,[2.0.1, 1.0.4],
OPENJPA-1809,2010-09-21,2010-09-21,2.0.0,2.1.0,2.1.0,[2.0.0, 2.0.1, 2.1.0, 2.0.1, 1.0.4],
OPENJPA-1808,2010-09-21,2010-10-25,2.0.1,2.1.0,2.1.0,[2.0.1, 1.0.4],
OPENJPA-1810,2010-09-21,2010-11-04,2.0.1,2.1.0,2.1.0,[2.0.1, 2.1.0, 1.0.4],
OPENJPA-1811,2010-09-22,2010-09-22,2.0.0,2.1.0,2.1.0,[2.0.0, 2.0.1, 1.0.4],
OPENJPA-1814,2010-09-24,2011-01-12,1.2.2,2.1.0,2.1.0,[1.2.2, 2.1.0, 2.0.0-beta, 2.0.0-beta2, 2.0.0-beta3, 2.0.0, 2.0.1, 1.0.4],
OPENJPA-1818,2010-09-29,2011-01-12,2.0.0,2.1.0,2.1.0,[2.0.0, 2.0.1, 1.0.4],
OPENJPA-1819,2010-09-30,2013-10-18,2.0.1,2.1.0,2.3.0,[2.0.1, 1.0.4, 2.1.0, 2.1.1, 2.2.0, 2.2.1, 1.2.3, 2.2.2],
OPENJPA-1830,2010-10-11,2010-10-11,2.0.0,2.1.0,2.1.0,[2.0.0, 2.0.1, 1.0.4],
OPENJPA-1831,2010-10-12,2010-10-15,2.0.0,2.1.0,2.1.0,[2.0.0, 2.0.1, 1.0.4],
OPENJPA-1837,2010-10-15,2010-10-20,2.0.1,2.1.0,2.1.0,[2.0.1, 1.0.4],
OPENJPA-1845,2010-10-20,2011-05-24,2.0.1,2.1.0,2.1.1,[2.0.1, 1.0.4, 2.1.0],
OPENJPA-1853,2010-10-24,2010-11-03,2.0.0,2.1.0,2.1.0,[2.0.0, 2.0.1, 2.0.1, 1.0.4],
OPENJPA-1856,2010-10-26,2011-01-10,2.0.0,2.1.0,2.1.0,[2.0.0, 2.1.0, 2.2.0, 2.0.1, 1.0.4],
OPENJPA-1866,2010-11-01,2010-11-19,2.0.1,2.1.0,2.1.0,[2.0.1, 2.1.0, 1.0.4],
OPENJPA-1870,2010-11-03,2010-11-05,2.0.0,2.1.0,2.1.0,[2.0.0, 2.0.1, 1.0.4],
OPENJPA-1873,2010-11-04,2011-12-08,2.0.0,2.1.0,2.2.0,[2.0.0, 2.0.1, 2.0.1, 1.0.4, 2.1.0, 2.1.1],
OPENJPA-1874,2010-11-05,2010-11-08,1.2.2,2.1.0,2.1.0,[1.2.2, 2.0.0, 2.0.1, 2.0.0-beta, 2.0.0-beta2, 2.0.0-beta3, 2.0.0, 2.0.1, 1.0.4],
OPENJPA-1877,2010-11-08,2010-11-08,2.0.1,2.1.0,2.1.0,[2.0.1, 1.0.4],
OPENJPA-1890,2010-11-17,2011-01-12,2.0.1,2.1.0,2.1.0,[2.0.1, 1.0.4],
OPENJPA-1892,2010-11-19,2010-11-19,2.0.0,2.1.0,2.1.0,[2.0.0, 2.1.0, 2.0.1, 1.0.4],
OPENJPA-1893,2010-11-22,2010-11-22,2.0.1,2.1.0,2.1.0,[2.0.1, 1.0.4],
OPENJPA-1897,2010-11-23,2010-11-23,2.0.1,2.1.0,2.1.0,[2.0.1, 1.0.4],
OPENJPA-1896,2010-11-23,2011-01-10,2.0.1,2.1.0,2.1.0,[2.0.1, 2.1.0, 2.2.0, 1.0.4],
OPENJPA-1898,2010-11-29,2010-11-30,2.0.1,2.1.0,2.1.0,[2.0.1, 1.0.4],
OPENJPA-1899,2010-11-29,2011-03-31,2.0.0,2.1.0,2.1.1,[2.0.0, 2.0.1, 1.0.4, 2.1.0],
OPENJPA-1902,2010-11-30,2010-11-30,2.0.0,2.1.0,2.1.0,[2.0.0, 2.0.1, 1.0.4],
OPENJPA-1900,2010-11-30,2010-12-17,2.0.1,2.1.0,2.1.0,[2.0.1, 2.1.0, 2.2.0, 1.0.4],
OPENJPA-1901,2010-11-30,2012-02-06,2.0.0,2.1.0,2.2.0,[2.0.0, 2.0.1, 2.0.1, 1.0.4, 2.1.0, 2.1.1],
OPENJPA-1903,2010-12-06,2012-02-03,2.0.1,2.1.0,2.2.0,[2.0.1, 1.0.4, 2.1.0, 2.1.1],
OPENJPA-1905,2010-12-10,2011-01-25,1.2.0,2.1.0,2.1.0,[1.2.0, 1.2.1, 1.2.2, 2.0.0, 2.0.1, 2.0.0-M1, 1.2.1, 2.0.0-M2, 2.0.0-M3, 1.2.2, 2.0.0-beta, 2.0.0-beta2, 2.0.0-beta3, 2.0.0, 2.0.1, 1.0.4],
OPENJPA-1909,2010-12-31,2011-01-07,2.0.0,2.1.0,2.1.0,[2.0.0, 2.0.1, 2.1.0, 2.0.1, 1.0.4],
OPENJPA-1910,2011-01-02,2011-01-11,2.0.1,2.1.0,2.1.0,[2.0.1, 2.1.0, 2.2.0, 1.0.4],
OPENJPA-1911,2011-01-03,2011-02-15,1.2.2,2.1.0,2.1.0,[1.2.2, 2.0.1, 1.0.4, 2.1.0, 2.2.0, 2.0.0-beta, 2.0.0-beta2, 2.0.0-beta3, 2.0.0, 2.0.1, 1.0.4],
OPENJPA-1912,2011-01-03,2011-02-16,2.0.0,2.1.0,2.1.0,[2.0.0, 2.0.1, 2.1.0, 2.0.1, 1.0.4],
OPENJPA-1918,2011-01-06,2011-01-06,2.0.1,2.1.0,2.1.0,[2.0.1, 2.1.0, 2.2.0, 1.0.4],
OPENJPA-1923,2011-01-14,2011-01-31,2.0.0,2.1.0,2.1.0,[2.0.0, 2.0.1, 1.0.4],
OPENJPA-1928,2011-01-20,2011-03-22,1.2.1,2.1.0,2.1.1,[1.2.1, 2.0.1, 2.0.0-M2, 2.0.0-M3, 1.2.2, 2.0.0-beta, 2.0.0-beta2, 2.0.0-beta3, 2.0.0, 2.0.1, 1.0.4, 2.1.0],
OPENJPA-1939,2011-02-14,2011-02-21,1.2.2,2.1.0,2.1.0,[1.2.2, 2.0.1, 2.1.0, 2.0.0-beta, 2.0.0-beta2, 2.0.0-beta3, 2.0.0, 2.0.1, 1.0.4],
OPENJPA-1943,2011-02-17,2011-02-18,2.0.1,2.1.0,2.1.0,[2.0.1, 2.1.0, 2.2.0, 1.0.4],
OPENJPA-1944,2011-02-18,2011-03-22,1.2.2,2.1.0,2.1.1,[1.2.2, 2.1.0, 2.0.0-beta, 2.0.0-beta2, 2.0.0-beta3, 2.0.0, 2.0.1, 1.0.4, 2.1.0],
OPENJPA-1951,2011-02-24,2011-02-24,2.0.1,2.1.1,2.1.1,[2.0.1, 1.0.4, 2.1.0],
OPENJPA-1954,2011-03-02,2013-10-17,1.2.2,2.1.1,2.3.0,[1.2.2, 2.0.0, 2.1.0, 2.2.0, 2.0.0-beta, 2.0.0-beta2, 2.0.0-beta3, 2.0.0, 2.0.1, 1.0.4, 2.1.0, 2.1.1, 2.2.0, 2.2.1, 1.2.3, 2.2.2],
OPENJPA-1957,2011-03-09,2011-03-09,1.2.2,2.1.1,2.1.1,[1.2.2, 2.0.1, 2.1.0, 2.0.0-beta, 2.0.0-beta2, 2.0.0-beta3, 2.0.0, 2.0.1, 1.0.4, 2.1.0],
OPENJPA-1959,2011-03-12,2011-03-12,1.2.2,2.1.1,2.1.1,[1.2.2, 2.0.1, 2.1.0, 2.2.0, 2.0.0-beta, 2.0.0-beta2, 2.0.0-beta3, 2.0.0, 2.0.1, 1.0.4, 2.1.0],
OPENJPA-1958,2011-03-12,2011-03-12,1.2.2,2.1.1,2.1.1,[1.2.2, 2.0.1, 2.1.0, 2.2.0, 2.0.0-beta, 2.0.0-beta2, 2.0.0-beta3, 2.0.0, 2.0.1, 1.0.4, 2.1.0],
OPENJPA-1960,2011-03-15,2011-03-22,2.1.0,2.1.1,2.1.1,[2.1.0, 2.2.0],
OPENJPA-1965,2011-03-25,2011-03-25,2.0.0,2.1.1,2.1.1,[2.0.0, 2.1.0, 2.2.0, 2.0.1, 1.0.4, 2.1.0],
OPENJPA-1968,2011-03-29,2011-04-05,2.1.0,2.1.1,2.1.1,[2.1.0, 2.1.1, 2.2.0],
OPENJPA-1969,2011-03-30,2011-04-05,2.1.0,2.1.1,2.1.1,[2.1.0, 2.1.1, 2.2.0],
OPENJPA-1970,2011-03-31,2011-03-31,1.1.0,2.1.1,2.1.1,[1.1.0, 1.0.3, 1.2.0, 2.0.0-M1, 1.2.1, 2.0.0-M2, 2.0.0-M3, 1.2.2, 2.0.0-beta, 2.0.0-beta2, 2.0.0-beta3, 2.0.0, 2.0.1, 1.0.4, 2.1.0],
OPENJPA-1974,2011-04-04,2011-04-05,2.1.0,2.1.1,2.1.1,[2.1.0, 2.2.0],
OPENJPA-1975,2011-04-07,2011-04-11,2.0.1,2.1.1,2.1.1,[2.0.1, 2.1.0, 1.0.4, 2.1.0],
OPENJPA-1979,2011-04-12,2013-03-28,2.0.0-M1,2.1.1,1.2.3,[2.0.0-M1, 2.0.0, 1.2.1, 2.0.0-M2, 2.0.0-M3, 1.2.2, 2.0.0-beta, 2.0.0-beta2, 2.0.0-beta3, 2.0.0, 2.0.1, 1.0.4, 2.1.0, 2.1.1, 2.2.0, 2.2.1],
OPENJPA-1981,2011-04-14,2011-04-19,2.1.0,2.1.1,2.1.1,[2.1.0],
OPENJPA-1980,2011-04-14,2013-08-27,2.1.0,2.1.1,2.3.0,[2.1.0, 2.1.1, 2.2.0, 2.2.1, 1.2.3, 2.2.2],
OPENJPA-1983,2011-04-19,2013-10-28,2.1.0,2.1.1,2.3.0,[2.1.0, 2.2.0, 2.1.1, 2.2.0, 2.2.1, 1.2.3, 2.2.2],
OPENJPA-1984,2011-04-24,2011-04-27,2.1.0,2.1.1,2.1.1,[2.1.0, 2.1.1, 2.2.0],
OPENJPA-1985,2011-04-26,2011-04-27,2.1.0,2.1.1,2.1.1,[2.1.0],
OPENJPA-1986,2011-04-27,2011-04-27,2.0.1,2.1.1,2.1.1,[2.0.1, 2.1.0, 2.2.0, 1.0.4, 2.1.0],
OPENJPA-1989,2011-04-28,2011-05-11,2.1.0,2.1.1,2.1.1,[2.1.0, 2.2.0],
OPENJPA-1992,2011-05-04,2011-05-09,2.1.0,2.1.1,2.1.1,[2.1.0],
OPENJPA-1993,2011-05-04,2018-08-15,1.0.0,2.1.1,3.1.0,[1.0.0, 1.0.1, 1.0.2, 1.0.3, 1.2.0, 1.2.1, 1.2.2, 2.0.0, 2.0.1, 1.0.4, 2.1.0, 1.0.1, 1.0.2, 1.1.0, 1.0.3, 1.2.0, 2.0.0-M1, 1.2.1, 2.0.0-M2, 2.0.0-M3, 1.2.2, 2.0.0-beta, 2.0.0-beta2, 2.0.0-beta3, 2.0.0, 2.0.1, 1.0.4, 2.1.0, 2.1.1, 2.2.0, 2.2.1, 1.2.3, 2.2.2, 2.3.0, 2.4.0, 2.4.1, 2.4.2, 2.4.3, 3.0.0],
OPENJPA-1994,2011-05-05,2011-05-05,2.0.1,2.1.1,2.1.1,[2.0.1, 1.0.4, 2.1.0],
OPENJPA-1995,2011-05-10,2011-05-10,2.0.1,2.1.1,2.1.1,[2.0.1, 1.0.4, 2.1.0],
OPENJPA-1996,2011-05-10,2011-07-11,2.1.0,2.1.1,2.1.1,[2.1.0],
OPENJPA-2000,2011-05-14,2011-07-21,2.1.0,2.1.1,2.1.1,[2.1.0],
OPENJPA-2005,2011-05-24,2011-05-26,2.1.0,2.1.1,2.1.1,[2.1.0],
OPENJPA-2007,2011-05-25,2011-05-26,2.0.0,2.1.1,2.1.1,[2.0.0, 2.0.1, 2.1.0, 2.2.0, 2.0.1, 1.0.4, 2.1.0],
OPENJPA-2006,2011-05-25,2012-02-03,1.2.2,2.1.1,2.2.0,[1.2.2, 2.1.0, 2.2.0, 2.0.0-beta, 2.0.0-beta2, 2.0.0-beta3, 2.0.0, 2.0.1, 1.0.4, 2.1.0, 2.1.1],
OPENJPA-2008,2011-06-06,2011-08-08,2.1.0,2.1.1,2.2.0,[2.1.0, 2.1.1],
OPENJPA-2011,2011-06-08,2011-07-27,2.0.1,2.1.1,2.2.0,[2.0.1, 2.1.0, 1.0.4, 2.1.0, 2.1.1],
OPENJPA-2010,2011-06-08,2011-07-27,2.0.1,2.1.1,2.2.0,[2.0.1, 2.1.0, 1.0.4, 2.1.0, 2.1.1],
OPENJPA-2009,2011-06-08,2022-05-18,0.9.0,2.1.1,4.0.0,[0.9.0, 0.9.6, 0.9.7, 1.0.0, 1.0.1, 1.0.2, 1.1.0, 1.0.3, 1.2.0, 2.0.0-M1, 1.2.1, 2.0.0-M2, 2.0.0-M3, 1.2.2, 2.0.0-beta, 2.0.0-beta2, 2.0.0-beta3, 2.0.0, 2.0.1, 1.0.4, 2.1.0, 2.1.1, 2.2.0, 2.2.1, 1.2.3, 2.2.2, 2.3.0, 2.4.0, 2.4.1, 2.4.2, 2.4.3, 3.0.0, 3.1.0, 3.1.1, 3.1.2, 3.2.0, 3.2.1, 3.2.2],
OPENJPA-2015,2011-06-09,2011-06-09,1.2.2,2.1.1,2.1.1,[1.2.2, 1.2.3, 2.0.0-beta, 2.0.0-beta2, 2.0.0-beta3, 2.0.0, 2.0.1, 1.0.4, 2.1.0],
OPENJPA-2013,2011-06-09,2011-06-09,2.1.0,2.1.1,2.1.1,[2.1.0],
OPENJPA-2018,2011-06-15,2013-10-28,2.1.0,2.1.1,2.3.0,[2.1.0, 2.1.1, 2.2.0, 2.2.1, 1.2.3, 2.2.2],
OPENJPA-2022,2011-06-25,2014-02-17,2.1.0,2.1.1,2.4.0,[2.1.0, 2.1.1, 2.2.0, 2.1.1, 2.2.0, 2.2.1, 1.2.3, 2.2.2, 2.3.0],
OPENJPA-2025,2011-06-30,2011-07-06,2.1.0,2.1.1,2.1.1,[2.1.0],
OPENJPA-2027,2011-07-06,2011-07-06,2.1.0,2.1.1,2.1.1,[2.1.0],
OPENJPA-2034,2011-07-22,2011-07-22,2.1.0,2.1.1,2.1.1,[2.1.0],
OPENJPA-2036,2011-07-27,2011-07-28,2.1.0,2.2.0,2.2.0,[2.1.0, 2.1.1],
OPENJPA-2038,2011-08-10,2011-08-10,2.1.1,2.2.0,2.2.0,[2.1.1],
OPENJPA-2039,2011-08-10,2011-08-16,2.1.1,2.2.0,2.2.0,[2.1.1, 2.2.0],
OPENJPA-2044,2011-08-25,2012-02-02,2.0.1,2.2.0,2.2.0,[2.0.1, 2.1.1, 2.2.0, 1.0.4, 2.1.0, 2.1.1],
OPENJPA-2045,2011-09-01,2011-09-15,2.1.0,2.2.0,2.2.0,[2.1.0, 2.2.0, 2.1.1],
OPENJPA-2051,2011-09-15,2012-06-01,2.0.0,2.2.0,2.2.1,[2.0.0, 2.1.1, 2.2.0, 2.0.1, 1.0.4, 2.1.0, 2.1.1, 2.2.0],
OPENJPA-2053,2011-09-29,2012-03-28,2.0.0,2.2.0,2.2.1,[2.0.0, 2.0.1, 1.0.4, 2.1.0, 2.1.1, 2.2.0],
OPENJPA-2055,2011-09-30,2014-02-05,2.1.0,2.2.0,2.4.0,[2.1.0, 2.1.1, 2.2.0, 2.2.1, 1.2.3, 2.2.2, 2.3.0],
OPENJPA-2056,2011-10-04,2011-10-09,2.0.0,2.2.0,2.2.0,[2.0.0, 2.0.1, 2.1.1, 2.0.1, 1.0.4, 2.1.0, 2.1.1],
OPENJPA-2065,2011-10-25,2011-11-05,2.1.0,2.2.0,2.2.0,[2.1.0, 2.1.1, 2.2.0, 2.1.1],
OPENJPA-2066,2011-10-26,2011-11-06,1.1.0,2.2.0,2.2.0,[1.1.0, 2.1.1, 2.2.0, 1.0.3, 1.2.0, 2.0.0-M1, 1.2.1, 2.0.0-M2, 2.0.0-M3, 1.2.2, 2.0.0-beta, 2.0.0-beta2, 2.0.0-beta3, 2.0.0, 2.0.1, 1.0.4, 2.1.0, 2.1.1],
OPENJPA-2072,2011-11-09,2012-06-01,1.2.1,2.2.0,2.2.1,[1.2.1, 1.2.2, 1.2.3, 2.0.0-M2, 2.0.0-M3, 1.2.2, 2.0.0-beta, 2.0.0-beta2, 2.0.0-beta3, 2.0.0, 2.0.1, 1.0.4, 2.1.0, 2.1.1, 2.2.0],
OPENJPA-2083,2011-11-29,2012-01-03,2.1.1,2.2.0,2.2.0,[2.1.1],
OPENJPA-2088,2011-12-07,2011-12-07,1.0.4,2.2.0,2.2.0,[1.0.4, 2.1.0, 2.1.1],
OPENJPA-2094,2011-12-13,2013-12-02,2.0.0-beta2,2.2.0,2.4.0,[2.0.0-beta2, 2.0.0-beta3, 2.0.0, 2.0.1, 1.0.4, 2.1.0, 2.1.1, 2.2.0, 2.2.1, 1.2.3, 2.2.2, 2.3.0],
OPENJPA-2097,2011-12-20,2011-12-20,2.1.1,2.2.0,2.2.0,[2.1.1],
OPENJPA-2101,2011-12-27,2012-01-05,2.1.1,2.2.0,2.2.0,[2.1.1, 2.2.0],
OPENJPA-2102,2011-12-28,2012-05-31,2.0.1,2.2.0,2.2.1,[2.0.1, 2.2.0, 1.0.4, 2.1.0, 2.1.1, 2.2.0],
OPENJPA-2107,2012-01-11,2012-06-01,2.0.1,2.2.0,2.2.1,[2.0.1, 2.1.0, 2.2.0, 1.0.4, 2.1.0, 2.1.1, 2.2.0],
OPENJPA-2110,2012-01-17,2012-04-11,1.2.2,2.2.0,2.2.1,[1.2.2, 2.1.1, 2.0.0-beta, 2.0.0-beta2, 2.0.0-beta3, 2.0.0, 2.0.1, 1.0.4, 2.1.0, 2.1.1, 2.2.0],
OPENJPA-2112,2012-01-18,2012-01-18,2.1.1,2.2.0,2.2.0,[2.1.1],
OPENJPA-2117,2012-01-26,2013-04-10,2.1.1,2.2.0,1.2.3,[2.1.1, 2.2.0, 1.2.3, 2.2.0, 2.2.1],
OPENJPA-2118,2012-01-30,2012-05-31,2.0.0,2.2.0,2.2.1,[2.0.0, 2.1.0, 2.2.0, 2.0.1, 1.0.4, 2.1.0, 2.1.1, 2.2.0],
OPENJPA-2124,2012-02-09,2012-02-10,2.0.0,2.2.0,2.2.0,[2.0.0, 2.0.1, 2.1.0, 2.3.0, 2.0.1, 1.0.4, 2.1.0, 2.1.1],
OPENJPA-2131,2012-02-14,2012-04-05,2.1.1,2.2.0,2.2.1,[2.1.1, 2.2.0],
OPENJPA-2132,2012-02-14,2012-10-09,2.0.1,2.2.0,2.2.1,[2.0.1, 2.1.1, 2.2.0, 1.0.4, 2.1.0, 2.1.1, 2.2.0],
OPENJPA-2133,2012-02-15,2012-05-07,2.1.1,2.2.0,2.2.1,[2.1.1, 2.2.0],
OPENJPA-2136,2012-02-21,2012-02-21,2.0.0,2.2.1,2.2.1,[2.0.0, 2.1.1, 2.2.0, 2.3.0, 2.0.1, 1.0.4, 2.1.0, 2.1.1, 2.2.0],
OPENJPA-2145,2012-02-27,2012-02-27,2.2.0,2.2.1,2.2.1,[2.2.0, 2.2.1, 2.3.0],
OPENJPA-2146,2012-02-27,2012-05-03,2.0.0,2.2.1,2.2.1,[2.0.0, 2.0.1, 2.1.0, 2.1.1, 2.2.0, 2.2.1, 2.0.1, 1.0.4, 2.1.0, 2.1.1, 2.2.0],
OPENJPA-2149,2012-03-05,2012-08-24,2.0.1,2.2.1,2.2.1,[2.0.1, 2.1.1, 1.0.4, 2.1.0, 2.1.1, 2.2.0],
OPENJPA-2153,2012-03-09,2012-03-12,2.2.0,2.2.1,2.2.1,[2.2.0, 2.3.0],
OPENJPA-2154,2012-03-12,2012-03-12,2.2.0,2.2.1,2.2.1,[2.2.0, 2.3.0],
OPENJPA-2156,2012-03-16,2012-03-16,2.2.0,2.2.1,2.2.1,[2.2.0, 2.3.0],
OPENJPA-2158,2012-03-21,2012-03-21,2.1.1,2.2.1,2.2.1,[2.1.1, 2.2.0, 2.3.0, 2.2.0],
OPENJPA-2161,2012-03-25,2012-05-02,2.2.0,2.2.1,2.2.1,[2.2.0, 2.3.0],
OPENJPA-2163,2012-03-27,2012-04-01,2.0.1,2.2.1,2.2.1,[2.0.1, 2.2.1, 2.3.0, 1.0.4, 2.1.0, 2.1.1, 2.2.0],
OPENJPA-2170,2012-04-10,2012-04-11,2.2.0,2.2.1,2.2.1,[2.2.0, 2.3.0],
OPENJPA-2172,2012-04-13,2013-04-16,2.2.0,2.2.1,1.2.3,[2.2.0, 2.2.1, 2.3.0, 2.2.1],
OPENJPA-2174,2012-04-17,2012-05-31,2.1.0,2.2.1,2.2.1,[2.1.0, 2.2.0, 2.1.1, 2.2.0],
OPENJPA-2178,2012-04-26,2012-04-26,2.2.0,2.2.1,2.2.1,[2.2.0],
OPENJPA-2180,2012-04-27,2013-10-29,2.2.0,2.2.1,2.3.0,[2.2.0, 2.2.1, 1.2.3, 2.2.2],
OPENJPA-2187,2012-05-09,2012-05-11,2.2.0,2.2.1,2.2.1,[2.2.0],
OPENJPA-2191,2012-05-12,2012-05-12,2.0.0,2.2.1,2.2.1,[2.0.0, 2.1.0, 2.2.0, 2.3.0, 2.0.1, 1.0.4, 2.1.0, 2.1.1, 2.2.0],
OPENJPA-2195,2012-05-15,2013-08-05,2.0.0,2.2.1,2.3.0,[2.0.0, 2.0.1, 2.1.0, 2.1.1, 2.2.0, 2.0.1, 1.0.4, 2.1.0, 2.1.1, 2.2.0, 2.2.1, 1.2.3, 2.2.2],
OPENJPA-2197,2012-05-16,2012-05-17,2.2.0,2.2.1,2.2.1,[2.2.0],
OPENJPA-2196,2012-05-16,2012-07-25,2.2.0,2.2.1,2.2.1,[2.2.0],
OPENJPA-2199,2012-05-17,2012-07-26,2.0.0,2.2.1,2.2.1,[2.0.0, 2.1.0, 2.2.0, 2.3.0, 2.0.1, 1.0.4, 2.1.0, 2.1.1, 2.2.0],
OPENJPA-2212,2012-06-13,2012-06-14,1.0.3,2.2.1,2.2.1,[1.0.3, 1.2.0, 2.0.0-M1, 1.2.1, 2.0.0-M2, 2.0.0-M3, 1.2.2, 2.0.0-beta, 2.0.0-beta2, 2.0.0-beta3, 2.0.0, 2.0.1, 1.0.4, 2.1.0, 2.1.1, 2.2.0],
OPENJPA-2215,2012-06-19,2012-06-19,2.2.0,2.2.1,2.2.1,[2.2.0],
OPENJPA-2221,2012-06-28,2013-10-18,2.1.0,2.2.1,2.3.0,[2.1.0, 2.1.1, 2.2.0, 2.2.1, 1.2.3, 2.2.2],
OPENJPA-2227,2012-07-09,2012-08-24,2.0.0,2.2.1,2.2.1,[2.0.0, 2.1.0, 2.2.0, 2.0.1, 1.0.4, 2.1.0, 2.1.1, 2.2.0],
OPENJPA-2228,2012-07-10,2012-07-17,2.2.0,2.2.1,2.2.1,[2.2.0, 2.3.0],
OPENJPA-2229,2012-07-12,2012-08-03,2.2.0,2.2.1,2.2.1,[2.2.0, 2.2.1, 2.3.0],
OPENJPA-2233,2012-07-17,2013-12-17,2.0.1,2.2.1,2.4.0,[2.0.1, 2.1.0, 2.2.0, 2.3.0, 1.0.4, 2.1.0, 2.1.1, 2.2.0, 2.2.1, 1.2.3, 2.2.2, 2.3.0],
OPENJPA-2234,2012-07-19,2012-10-16,2.0.1,2.2.1,2.2.1,[2.0.1, 1.0.4, 2.1.0, 2.1.1, 2.2.0],
OPENJPA-2235,2012-07-19,2013-04-10,2.1.1,2.2.1,1.2.3,[2.1.1, 2.2.0, 2.3.0, 2.2.0, 2.2.1],
OPENJPA-2238,2012-07-23,2012-07-23,2.2.0,2.2.1,2.2.1,[2.2.0, 2.3.0],
OPENJPA-2240,2012-07-25,2013-04-10,2.2.0,2.2.1,1.2.3,[2.2.0, 2.2.1, 2.3.0, 2.2.1],
OPENJPA-2244,2012-08-01,2013-04-10,2.0.1,2.2.1,1.2.3,[2.0.1, 2.1.1, 2.2.0, 1.0.4, 2.1.0, 2.1.1, 2.2.0, 2.2.1],
OPENJPA-2245,2012-08-02,2016-08-19,2.2.0,2.2.1,2.4.2,[2.2.0, 2.3.0, 2.2.1, 1.2.3, 2.2.2, 2.3.0, 2.4.0, 2.4.1],
OPENJPA-2247,2012-08-03,2012-10-09,2.0.1,2.2.1,2.2.1,[2.0.1, 2.2.1, 2.3.0, 1.0.4, 2.1.0, 2.1.1, 2.2.0],
OPENJPA-2253,2012-08-20,2013-10-29,2.2.0,2.2.1,2.3.0,[2.2.0, 2.3.0, 2.2.1, 1.2.3, 2.2.2],
OPENJPA-2255,2012-08-31,2012-09-11,2.1.1,2.2.1,2.2.1,[2.1.1, 2.2.0],
OPENJPA-2257,2012-09-03,2012-09-05,2.1.0,2.2.1,2.2.1,[2.1.0, 2.1.1, 2.2.0],
OPENJPA-2261,2012-09-10,2012-09-13,2.1.0,2.2.1,2.2.1,[2.1.0, 2.1.1, 2.2.0, 2.1.1, 2.2.0],
OPENJPA-2260,2012-09-10,2012-09-13,2.1.0,2.2.1,2.2.1,[2.1.0, 2.1.1, 2.2.0, 2.1.1, 2.2.0],
OPENJPA-2267,2012-09-26,2012-09-27,2.2.0,2.2.1,2.2.1,[2.2.0, 2.3.0],
OPENJPA-2269,2012-09-27,2012-10-09,2.2.0,2.2.1,2.2.1,[2.2.0, 2.3.0],
OPENJPA-2271,2012-10-02,2012-10-02,2.1.0,2.2.1,2.2.1,[2.1.0, 2.1.1, 2.2.0],
OPENJPA-2284,2012-10-25,2013-04-10,2.0.1,2.2.1,1.2.3,[2.0.1, 2.2.1, 2.3.0, 1.0.4, 2.1.0, 2.1.1, 2.2.0, 2.2.1],
OPENJPA-2286,2012-10-26,2016-09-08,2.2.0,2.2.1,2.4.2,[2.2.0, 2.2.1, 1.2.3, 2.2.2, 2.3.0, 2.4.0, 2.4.1],
OPENJPA-2288,2012-10-29,2012-11-30,2.1.1,2.2.1,1.2.3,[2.1.1, 2.2.0, 2.2.0, 2.2.1],
OPENJPA-2287,2012-10-29,2015-04-16,2.2.0,2.2.1,2.4.0,[2.2.0, 2.2.1, 1.2.3, 2.2.2, 2.3.0],
OPENJPA-2289,2012-10-31,2013-04-10,2.0.1,2.2.1,1.2.3,[2.0.1, 2.1.1, 2.2.0, 2.3.0, 1.0.4, 2.1.0, 2.1.1, 2.2.0, 2.2.1],
OPENJPA-2298,2012-11-16,2013-04-10,2.2.0,1.2.3,1.2.3,[2.2.0, 2.3.0, 2.2.1],
OPENJPA-2300,2012-11-26,2016-08-23,2.2.1,1.2.3,2.4.2,[2.2.1, 1.2.3, 2.2.2, 2.3.0, 2.4.0, 2.4.1],
OPENJPA-2308,2012-12-11,2012-12-11,2.1.0,1.2.3,1.2.3,[2.1.0, 2.1.1, 2.2.0, 2.1.1, 2.2.0, 2.2.1],
OPENJPA-2306,2012-12-11,2012-12-11,2.1.1,1.2.3,1.2.3,[2.1.1, 2.2.0, 2.2.1],
OPENJPA-2307,2012-12-11,2012-12-17,2.1.1,1.2.3,1.2.3,[2.1.1, 2.2.0, 2.2.1],
OPENJPA-2304,2012-12-11,2013-01-10,2.1.1,1.2.3,1.2.3,[2.1.1, 2.2.0, 2.2.1],
OPENJPA-2318,2013-01-05,2013-08-16,2.1.1,1.2.3,2.3.0,[2.1.1, 2.2.0, 2.2.1, 1.2.3, 2.2.2],
OPENJPA-2320,2013-01-08,2013-01-10,2.1.1,1.2.3,1.2.3,[2.1.1, 2.2.0, 2.2.1],
OPENJPA-2321,2013-01-10,2013-01-10,2.1.1,1.2.3,1.2.3,[2.1.1, 2.2.0, 2.2.1],
OPENJPA-2328,2013-01-31,2013-02-19,2.1.1,1.2.3,1.2.3,[2.1.1, 2.2.0, 2.2.1, 2.2.0, 2.2.1],
OPENJPA-2330,2013-02-07,2013-11-05,2.2.0,1.2.3,2.3.0,[2.2.0, 2.2.1, 2.2.1, 1.2.3, 2.2.2],
OPENJPA-2336,2013-02-19,2013-03-28,2.1.1,1.2.3,1.2.3,[2.1.1, 2.2.0, 2.2.1],
OPENJPA-2335,2013-02-19,2013-11-18,2.1.1,1.2.3,2.3.0,[2.1.1, 2.2.0, 2.2.1, 1.2.3, 2.2.2],
OPENJPA-2339,2013-02-24,2013-03-05,2.2.0,1.2.3,1.2.3,[2.2.0, 2.2.1, 2.2.1],
OPENJPA-2341,2013-02-27,2015-10-06,2.2.0,1.2.3,2.4.1,[2.2.0, 2.2.1, 1.2.3, 2.2.2, 2.3.0, 2.4.0],
OPENJPA-2343,2013-03-01,2013-10-17,2.2.1,1.2.3,2.3.0,[2.2.1, 2.3.0, 1.2.3, 2.2.2],
OPENJPA-2355,2013-03-20,2013-03-28,2.1.1,1.2.3,1.2.3,[2.1.1, 2.2.0, 2.2.1],
OPENJPA-2357,2013-03-22,2013-03-26,2.2.0,1.2.3,1.2.3,[2.2.0, 2.2.1, 2.2.1],
OPENJPA-2369,2013-04-15,2014-02-05,2.2.1,1.2.3,2.4.0,[2.2.1, 1.2.3, 2.2.2, 2.3.0],
OPENJPA-2374,2013-04-23,2014-02-05,2.2.1,2.3.0,2.4.0,[2.2.1, 2.3.0, 1.2.3, 2.2.2, 2.3.0],
OPENJPA-2377,2013-04-25,2013-05-14,2.2.1,2.3.0,2.3.0,[2.2.1, 1.2.3, 2.2.2],
OPENJPA-2381,2013-05-15,2014-11-24,2.2.2,2.3.0,2.4.0,[2.2.2, 2.3.0],
OPENJPA-2384,2013-05-22,2013-05-22,2.2.1,2.3.0,2.3.0,[2.2.1, 1.2.3, 2.2.2],
OPENJPA-2390,2013-05-29,2013-06-24,2.2.1,2.3.0,2.3.0,[2.2.1, 1.2.3, 2.2.2],
OPENJPA-2391,2013-05-31,2013-06-24,2.2.1,2.3.0,2.3.0,[2.2.1, 1.2.3, 2.2.2],
OPENJPA-2400,2013-06-14,2013-10-07,2.2.1,2.3.0,2.3.0,[2.2.1, 1.2.3, 2.2.2],
OPENJPA-2405,2013-06-25,2013-07-01,2.2.1,2.3.0,2.3.0,[2.2.1, 1.2.3, 2.2.2],
OPENJPA-2409,2013-07-11,2013-10-18,2.2.2,2.3.0,2.3.0,[2.2.2],
OPENJPA-2421,2013-08-14,2013-08-16,2.2.2,2.3.0,2.3.0,[2.2.2, 2.3.0],
OPENJPA-2423,2013-08-26,2013-11-05,2.1.1,2.3.0,2.3.0,[2.1.1, 2.2.2, 2.3.0, 2.2.0, 2.2.1, 1.2.3, 2.2.2],
OPENJPA-2432,2013-09-27,2013-09-27,2.2.1,2.3.0,2.3.0,[2.2.1, 1.2.3, 2.2.2],
OPENJPA-2435,2013-10-09,2013-10-18,2.1.0,2.3.0,2.3.0,[2.1.0, 2.2.2, 2.3.0, 2.1.1, 2.2.0, 2.2.1, 1.2.3, 2.2.2],
OPENJPA-2437,2013-10-11,2013-10-29,2.2.1,2.3.0,2.3.0,[2.2.1, 1.2.3, 2.2.2],
OPENJPA-2456,2013-11-18,2013-11-18,2.2.1,2.3.0,2.3.0,[2.2.1, 1.2.3, 2.2.2],
OPENJPA-2463,2013-12-04,2013-12-17,2.0.1,2.4.0,2.4.0,[2.0.1, 2.2.2, 1.0.4, 2.1.0, 2.1.1, 2.2.0, 2.2.1, 1.2.3, 2.2.2, 2.3.0],
OPENJPA-2467,2013-12-20,2014-02-05,2.2.2,2.4.0,2.4.0,[2.2.2, 2.3.0],
OPENJPA-2470,2014-01-15,2015-10-12,2.0.1,2.4.0,2.4.1,[2.0.1, 2.1.1, 2.2.2, 1.0.4, 2.1.0, 2.1.1, 2.2.0, 2.2.1, 1.2.3, 2.2.2, 2.3.0, 2.4.0],
OPENJPA-2472,2014-01-17,2016-01-22,2.2.2,2.4.0,2.4.1,[2.2.2, 2.3.0, 2.3.0, 2.4.0],
OPENJPA-2475,2014-01-30,2014-05-05,2.1.1,2.4.0,2.4.0,[2.1.1, 2.2.2, 2.3.0, 2.4.0, 2.2.0, 2.2.1, 1.2.3, 2.2.2, 2.3.0],
OPENJPA-2476,2014-02-07,2014-05-05,2.1.0,2.4.0,2.4.0,[2.1.0, 2.2.0, 2.3.0, 2.4.0, 2.1.1, 2.2.0, 2.2.1, 1.2.3, 2.2.2, 2.3.0],
OPENJPA-2478,2014-02-12,2014-05-05,2.2.2,2.4.0,2.4.0,[2.2.2, 2.3.0, 2.4.0, 2.3.0],
OPENJPA-2480,2014-03-07,2014-05-15,1.2.3,2.4.0,2.4.0,[1.2.3, 2.2.2, 2.3.0],
OPENJPA-2482,2014-03-11,2014-06-16,2.1.1,2.4.0,2.4.0,[2.1.1, 2.2.2, 2.3.0, 2.4.0, 2.2.0, 2.2.1, 1.2.3, 2.2.2, 2.3.0],
OPENJPA-2494,2014-04-14,2014-09-22,2.3.0,2.4.0,2.4.0,[2.3.0, 2.4.0],
OPENJPA-2502,2014-05-09,2014-09-22,2.2.1,2.4.0,2.4.0,[2.2.1, 2.2.2, 2.3.0, 2.4.0, 1.2.3, 2.2.2, 2.3.0],
OPENJPA-2505,2014-05-16,2014-09-23,2.1.0,2.4.0,2.4.0,[2.1.0, 2.2.2, 2.3.0, 2.4.0, 2.1.1, 2.2.0, 2.2.1, 1.2.3, 2.2.2, 2.3.0],
OPENJPA-2506,2014-05-23,2014-06-17,2.0.1,2.4.0,2.4.0,[2.0.1, 2.1.1, 2.2.2, 2.3.0, 2.4.0, 1.0.4, 2.1.0, 2.1.1, 2.2.0, 2.2.1, 1.2.3, 2.2.2, 2.3.0],
OPENJPA-2507,2014-05-27,2014-07-09,2.2.0,2.4.0,2.4.0,[2.2.0, 2.3.0, 2.4.0, 2.2.1, 1.2.3, 2.2.2, 2.3.0],
OPENJPA-2508,2014-05-29,2014-09-22,2.2.2,2.4.0,2.4.0,[2.2.2, 2.3.0, 2.4.0, 2.3.0],
OPENJPA-2515,2014-07-08,2014-07-09,2.3.0,2.4.0,2.4.0,[2.3.0, 2.4.0],
OPENJPA-2517,2014-07-15,2015-10-12,2.2.0,2.4.0,2.4.1,[2.2.0, 2.2.1, 2.2.2, 2.3.0, 2.2.1, 1.2.3, 2.2.2, 2.3.0, 2.4.0],
OPENJPA-2525,2014-08-22,2014-09-23,2.2.2,2.4.0,2.4.0,[2.2.2, 2.3.0],
OPENJPA-2534,2014-10-07,2015-01-12,2.3.0,2.4.0,2.4.0,[2.3.0, 2.4.0],
OPENJPA-2533,2014-10-07,2015-01-28,2.2.2,2.4.0,2.4.0,[2.2.2, 2.3.0, 2.4.0, 2.3.0],
OPENJPA-2536,2014-10-14,2015-01-28,2.3.0,2.4.0,2.4.0,[2.3.0, 2.4.0],
OPENJPA-2539,2014-10-24,2015-08-26,2.1.0,2.4.0,2.4.1,[2.1.0, 2.1.1, 2.2.0, 2.2.1, 1.2.3, 2.2.2, 2.3.0, 2.4.0],
OPENJPA-2542,2014-11-11,2014-12-10,2.3.0,2.4.0,2.4.0,[2.3.0, 2.4.0],
OPENJPA-2547,2014-11-25,2015-01-14,2.2.2,2.4.0,2.4.0,[2.2.2, 2.3.0, 2.4.0, 2.3.0],
OPENJPA-2548,2014-11-27,2014-12-16,1.2.3,2.4.0,2.4.0,[1.2.3, 2.2.2, 2.3.0],
OPENJPA-2551,2014-12-10,2015-04-05,2.2.1,2.4.0,2.4.0,[2.2.1, 2.2.2, 2.3.0, 1.2.3, 2.2.2, 2.3.0],
OPENJPA-2555,2015-01-06,2019-04-06,2.2.2,2.4.0,3.1.0,[2.2.2, 2.3.0, 2.3.0, 2.4.0, 2.4.1, 2.4.2, 2.4.3, 3.0.0],
OPENJPA-2557,2015-01-10,2015-02-27,2.2.2,2.4.0,2.4.0,[2.2.2, 2.3.0, 2.4.0, 2.3.0],
OPENJPA-2567,2015-02-02,2018-09-03,2.3.0,2.4.0,3.1.0,[2.3.0, 2.4.0, 2.4.1, 2.4.2, 2.4.3, 3.0.0],
OPENJPA-2573,2015-03-16,2015-03-16,1.2.3,2.4.0,2.4.0,[1.2.3, 2.2.2, 2.3.0],
OPENJPA-2576,2015-04-07,2015-04-16,2.3.0,2.4.0,2.4.0,[2.3.0],
OPENJPA-2582,2015-05-05,2015-05-05,2.4.0,2.4.1,2.4.1,[2.4.0],
OPENJPA-2586,2015-05-15,2015-10-12,2.2.2,2.4.1,2.4.1,[2.2.2, 2.4.1, 2.3.0, 2.4.0],
OPENJPA-2596,2015-06-06,2015-06-07,2.4.0,2.4.1,2.4.1,[2.4.0],
OPENJPA-2597,2015-06-29,2015-06-29,2.2.2,2.4.1,2.4.1,[2.2.2, 2.3.0, 2.4.0],
OPENJPA-2600,2015-06-29,2015-06-30,2.4.0,2.4.1,2.4.1,[2.4.0],
OPENJPA-2601,2015-07-20,2015-07-21,2.3.0,2.4.1,2.4.1,[2.3.0, 2.4.0, 2.4.0],
OPENJPA-2605,2015-08-11,2015-11-09,2.2.2,2.4.1,2.4.1,[2.2.2, 2.4.0, 2.3.0, 2.4.0],
OPENJPA-2609,2015-10-05,2015-10-19,2.4.0,2.4.1,2.4.1,[2.4.0],
OPENJPA-2614,2015-11-17,2021-06-16,2.4.0,2.4.1,3.2.1,[2.4.0, 2.4.1, 2.4.2, 2.4.3, 3.0.0, 3.1.0, 3.1.1, 3.1.2, 3.2.0],
OPENJPA-2616,2015-11-23,2016-02-15,1.0.0,2.4.1,2.4.1,[1.0.0, 1.0.1, 1.0.2, 1.1.0, 1.0.3, 1.2.0, 1.2.1, 1.2.2, 2.0.0, 2.0.1, 1.0.4, 2.1.0, 2.1.1, 2.2.0, 2.2.1, 1.2.3, 2.2.2, 2.3.0, 2.4.0, 1.0.1, 1.0.2, 1.1.0, 1.0.3, 1.2.0, 2.0.0-M1, 1.2.1, 2.0.0-M2, 2.0.0-M3, 1.2.2, 2.0.0-beta, 2.0.0-beta2, 2.0.0-beta3, 2.0.0, 2.0.1, 1.0.4, 2.1.0, 2.1.1, 2.2.0, 2.2.1, 1.2.3, 2.2.2, 2.3.0, 2.4.0],
OPENJPA-2617,2015-11-27,2015-11-27,2.4.0,2.4.1,2.4.1,[2.4.0],
OPENJPA-2626,2016-01-29,2016-01-29,2.4.0,2.4.1,2.4.1,[2.4.0],
OPENJPA-2628,2016-02-02,2016-09-15,1.2.3,2.4.1,2.4.2,[1.2.3, 2.3.0, 2.2.2, 2.3.0, 2.4.0, 2.4.1],
OPENJPA-2632,2016-03-04,2016-03-14,2.4.1,2.4.2,2.4.2,[2.4.1],
OPENJPA-2638,2016-04-05,2016-04-11,2.2.2,2.4.2,2.4.2,[2.2.2, 2.3.0, 2.4.0, 2.4.1],
OPENJPA-2640,2016-04-12,2016-05-13,2.4.1,2.4.2,2.4.2,[2.4.1],
OPENJPA-2645,2016-06-17,2019-03-20,1.1.0,2.4.2,3.1.0,[1.1.0, 2.0.1, 1.2.3, 2.2.2, 2.3.0, 1.0.3, 1.2.0, 2.0.0-M1, 1.2.1, 2.0.0-M2, 2.0.0-M3, 1.2.2, 2.0.0-beta, 2.0.0-beta2, 2.0.0-beta3, 2.0.0, 2.0.1, 1.0.4, 2.1.0, 2.1.1, 2.2.0, 2.2.1, 1.2.3, 2.2.2, 2.3.0, 2.4.0, 2.4.1, 2.4.2, 2.4.3, 3.0.0],
OPENJPA-2646,2016-06-21,2018-05-14,2.4.1,2.4.2,2.4.3,[2.4.1, 2.4.2],
OPENJPA-2648,2016-07-01,2021-04-04,2.4.1,2.4.2,3.2.0,[2.4.1, 2.4.2, 2.4.3, 3.0.0, 3.1.0, 3.1.1, 3.1.2],
OPENJPA-2650,2016-07-15,2016-08-18,2.3.0,2.4.2,2.4.2,[2.3.0, 2.4.2, 2.4.0, 2.4.1],
OPENJPA-2651,2016-08-08,2016-08-15,2.2.2,2.4.2,2.4.2,[2.2.2, 2.3.0, 2.4.1, 2.3.0, 2.4.0, 2.4.1],
OPENJPA-2658,2016-08-21,2016-08-22,2.4.1,2.4.2,2.4.2,[2.4.1],
OPENJPA-2672,2016-10-10,2016-11-06,2.4.1,2.4.2,2.4.2,[2.4.1],
OPENJPA-2673,2016-10-12,2019-04-02,1.2.3,2.4.2,3.1.0,[1.2.3, 2.2.2, 2.3.0, 2.4.0, 2.4.1, 2.4.2, 2.4.3, 3.0.0],
OPENJPA-2674,2016-10-18,2016-11-05,2.4.1,2.4.2,2.4.2,[2.4.1],
OPENJPA-2675,2016-10-20,2016-11-05,2.4.1,2.4.2,2.4.2,[2.4.1],
OPENJPA-2676,2016-10-20,2016-11-08,2.4.1,2.4.2,2.4.2,[2.4.1],
OPENJPA-2684,2016-12-15,2016-12-15,2.3.0,2.4.2,2.4.2,[2.3.0, 2.4.1, 2.4.0, 2.4.1],
OPENJPA-2689,2017-02-27,2017-03-02,2.4.2,2.4.3,2.4.3,[2.4.2, 3.0.0],
OPENJPA-2691,2017-03-09,2018-06-06,2.4.2,2.4.3,2.4.3,[2.4.2],
OPENJPA-2690,2017-03-09,2018-06-06,2.4.2,2.4.3,2.4.3,[2.4.2],
OPENJPA-2698,2017-05-01,2017-05-03,2.2.2,2.4.3,2.4.3,[2.2.2, 2.3.0, 2.4.0, 2.4.1, 2.4.2],
OPENJPA-2704,2017-07-07,2018-07-02,2.2.2,2.4.3,3.1.0,[2.2.2, 2.3.0, 2.4.0, 2.4.1, 2.4.2, 2.4.3, 3.0.0],
OPENJPA-2705,2017-07-14,2017-07-20,2.1.1,2.4.3,2.4.3,[2.1.1, 2.2.0, 2.2.1, 1.2.3, 2.2.2, 2.3.0, 2.4.0, 2.4.1, 2.4.2],
OPENJPA-2725,2018-01-03,2018-01-03,2.4.2,2.4.3,2.4.3,[2.4.2],
OPENJPA-2731,2018-03-27,2021-04-06,2.2.2,2.4.3,3.2.0,[2.2.2, 2.3.0, 2.4.0, 2.4.1, 2.4.2, 2.4.3, 3.0.0, 3.1.0, 3.1.1, 3.1.2],
OPENJPA-2733,2018-04-09,2019-02-14,2.4.2,2.4.3,3.1.0,[2.4.2, 2.4.3, 3.0.0],
OPENJPA-2742,2018-06-29,2018-07-02,2.4.3,3.1.0,3.1.0,[2.4.3, 3.0.0, 3.0.0],
OPENJPA-2743,2018-07-12,2019-07-29,2.4.2,3.1.0,3.1.1,[2.4.2, 2.4.3, 3.0.0, 3.1.0],
OPENJPA-2746,2018-08-16,2018-08-16,2.4.2,3.1.0,3.1.0,[2.4.2, 2.4.3, 3.0.0],
OPENJPA-2757,2018-11-10,2018-11-10,3.0.0,3.1.0,3.1.0,[3.0.0],
OPENJPA-2756,2018-11-10,2018-11-10,3.0.0,3.1.0,3.1.0,[3.0.0],
OPENJPA-2761,2018-12-07,2019-01-14,2.2.1,3.1.0,3.1.0,[2.2.1, 2.4.3, 3.0.0, 1.2.3, 2.2.2, 2.3.0, 2.4.0, 2.4.1, 2.4.2, 2.4.3, 3.0.0],
OPENJPA-2764,2019-01-02,2019-01-02,3.0.0,3.1.0,3.1.0,[3.0.0],
OPENJPA-2768,2019-01-10,2019-01-10,3.0.0,3.1.0,3.1.0,[3.0.0],
OPENJPA-2770,2019-01-22,2019-01-23,2.4.2,3.1.0,3.1.0,[2.4.2, 2.4.3, 3.0.0, 2.4.3, 3.0.0],
OPENJPA-2772,2019-02-02,2019-02-02,3.0.0,3.1.0,3.1.0,[3.0.0],
OPENJPA-2771,2019-02-02,2019-02-02,3.0.0,3.1.0,3.1.0,[3.0.0],
OPENJPA-2777,2019-03-01,2019-03-05,3.0.0,3.1.0,3.1.0,[3.0.0],
OPENJPA-2780,2019-03-20,2019-03-24,2.4.2,3.1.0,3.1.0,[2.4.2, 2.4.3, 3.0.0, 2.4.3, 3.0.0],
OPENJPA-2781,2019-03-21,2019-03-24,2.4.2,3.1.0,3.1.0,[2.4.2, 2.4.3, 3.0.0],
OPENJPA-2788,2019-04-18,2020-12-14,3.1.0,3.1.1,3.2.0,[3.1.0, 3.1.1, 3.1.2],
OPENJPA-2789,2019-06-18,2021-04-18,2.4.3,3.1.1,3.2.0,[2.4.3, 3.0.0, 3.1.0, 3.1.1, 3.1.2],
OPENJPA-2791,2019-06-24,2019-06-26,2.4.3,3.1.1,3.1.1,[2.4.3, 3.0.0, 3.1.0],
OPENJPA-2795,2019-08-29,2020-09-04,2.4.3,3.1.1,3.2.0,[2.4.3, 3.1.0, 3.0.0, 3.1.0, 3.1.1, 3.1.2],
OPENJPA-2799,2019-12-18,2019-12-25,3.1.0,3.1.1,3.1.1,[3.1.0],
OPENJPA-2802,2020-01-26,2020-01-26,3.1.0,3.1.1,3.1.1,[3.1.0],
OPENJPA-2807,2020-02-28,2020-04-25,3.1.1,3.1.2,3.1.2,[3.1.1],
OPENJPA-2810,2020-04-22,2020-04-22,3.1.1,3.1.2,3.1.2,[3.1.1],
OPENJPA-2821,2020-07-23,2020-07-23,3.1.2,3.2.0,3.2.0,[3.1.2],
OPENJPA-2827,2020-09-07,2020-09-08,3.1.0,3.2.0,3.2.0,[3.1.0, 3.1.1, 3.1.2],
OPENJPA-2830,2020-09-15,2020-09-15,3.1.0,3.2.0,3.2.0,[3.1.0, 3.1.1, 3.1.2],
OPENJPA-2829,2020-09-15,2020-09-15,3.1.0,3.2.0,3.2.0,[3.1.0, 3.1.1, 3.1.2],
OPENJPA-2828,2020-09-15,2020-09-22,3.1.2,3.2.0,3.2.0,[3.1.2],
OPENJPA-2832,2020-09-28,2020-09-30,3.1.0,3.2.0,3.2.0,[3.1.0, 3.1.1, 3.1.2],
OPENJPA-2834,2020-09-30,2020-09-30,3.1.1,3.2.0,3.2.0,[3.1.1, 3.1.2],
OPENJPA-2842,2020-11-30,2020-12-13,3.1.2,3.2.0,3.2.0,[3.1.2],
OPENJPA-2843,2020-12-01,2020-12-12,3.1.2,3.2.0,3.2.0,[3.1.2],
OPENJPA-2846,2020-12-21,2020-12-22,3.1.2,3.2.0,3.2.0,[3.1.2],
OPENJPA-2848,2021-03-04,2021-03-28,3.1.2,3.2.0,3.2.0,[3.1.2],
OPENJPA-2849,2021-03-28,2021-03-30,3.1.2,3.2.0,3.2.0,[3.1.2],
OPENJPA-2850,2021-03-30,2021-03-31,3.1.2,3.2.0,3.2.0,[3.1.2],
OPENJPA-2851,2021-03-30,2021-04-01,3.1.2,3.2.0,3.2.0,[3.1.2],
OPENJPA-2854,2021-04-01,2021-04-01,3.1.2,3.2.0,3.2.0,[3.1.2],
OPENJPA-2858,2021-04-03,2021-04-03,3.1.2,3.2.0,3.2.0,[3.1.2],
OPENJPA-2857,2021-04-03,2021-04-03,3.1.2,3.2.0,3.2.0,[3.1.2],
OPENJPA-2856,2021-04-03,2021-04-03,3.1.2,3.2.0,3.2.0,[3.1.2],
OPENJPA-2859,2021-04-04,2021-04-04,3.1.2,3.2.0,3.2.0,[3.1.2],
OPENJPA-2860,2021-04-05,2021-04-05,3.1.2,3.2.0,3.2.0,[3.1.2],
OPENJPA-2862,2021-04-06,2021-04-06,3.1.2,3.2.0,3.2.0,[3.1.2],
OPENJPA-2861,2021-04-06,2021-04-06,3.1.2,3.2.0,3.2.0,[3.1.2],
OPENJPA-2864,2021-04-08,2021-04-08,3.1.2,3.2.0,3.2.0,[3.1.2],
OPENJPA-2863,2021-04-08,2021-04-08,3.1.2,3.2.0,3.2.0,[3.1.2],
OPENJPA-2865,2021-04-09,2021-04-18,3.1.2,3.2.0,3.2.0,[3.1.2],
OPENJPA-2866,2021-04-10,2021-04-18,3.1.2,3.2.0,3.2.0,[3.1.2],
OPENJPA-2876,2021-06-10,2021-06-16,3.0.0,3.2.1,3.2.1,[3.0.0, 3.1.0, 3.1.1, 3.1.2, 3.2.0],
OPENJPA-2877,2021-07-12,2021-10-27,3.1.1,3.2.1,3.2.1,[3.1.1, 3.1.2, 3.2.0],
OPENJPA-2882,2021-10-12,2021-10-21,3.1.1,3.2.1,3.2.1,[3.1.1, 3.1.2, 3.2.0],
OPENJPA-2883,2021-10-21,2021-10-22,3.2.0,3.2.1,3.2.1,[3.2.0],
OPENJPA-2889,2021-11-22,2021-12-05,3.2.0,3.2.1,3.2.1,[3.2.0],
OPENJPA-2891,2021-11-30,2021-12-01,3.2.0,3.2.1,3.2.1,[3.2.0],
OPENJPA-2896,2021-12-17,2021-12-23,3.1.1,3.2.1,3.2.1,[3.1.1, 3.1.2, 3.2.0],
OPENJPA-2898,2022-02-09,2025-03-14,3.2.1,3.2.2,4.1.0,[3.2.1, 3.2.2, 3.2.2, 4.0.0, 4.0.1],
OPENJPA-2907,2023-04-20,2023-04-20,3.2.2,4.0.0,4.0.0,[3.2.2],
OPENJPA-2915,2023-09-18,2023-10-11,3.2.2,4.0.0,4.0.0,[3.2.2],
OPENJPA-2918,2023-12-01,2023-12-02,3.2.0,4.0.0,4.0.0,[3.2.0, 3.2.1, 3.2.2],
OPENJPA-2921,2024-05-27,2024-05-27,4.0.0,4.0.1,4.0.1,[4.0.0],
OPENJPA-2923,2024-07-11,2024-07-15,4.0.0,4.0.1,4.0.1,[4.0.0],
OPENJPA-2925,2024-08-27,2025-04-23,3.2.2,4.0.1,4.1.1,[3.2.2, 4.0.0, 4.0.0, 4.0.1, 4.1.0],
OPENJPA-2928,2024-09-27,2024-09-30,4.0.1,4.1.0,4.1.0,[4.0.1],
OPENJPA-2930,2024-12-22,2025-02-22,4.0.1,4.1.0,4.1.0,[4.0.1],
OPENJPA-2932,2025-01-15,2025-02-02,4.0.1,4.1.0,4.1.0,[4.0.1],
OPENJPA-2933,2025-01-17,2025-02-18,4.0.1,4.1.0,4.1.0,[4.0.1],
OPENJPA-2936,2025-04-09,2025-05-01,4.0.1,4.1.1,4.1.1,[4.0.1, 4.1.0, 4.1.0],
