id,committer,creationDate
7baaaf4b760248e0e5fdf63903b00f15a4485f78,Pinaki Poddar,2006-09-28
753468d8a19f1c6dcac94ea3fd12ed30791d6fab,Kevin W. Sutter,2006-10-27
ba1d28973531251d4b3c74cab8c1321cf0e74347,A. Abram White,2006-10-27
b4077bd6a64f73fd28c210f265d5ef8b089199dd,Marc Prud'hommeaux,2006-11-03
05f7fac8637ae3f5c524e1aaf35ebd4f09798db8,Patrick Linskey,2006-11-07
87b5ae1f4fdb4eec9040b0f1dee729c3507ea683,A. Abram White,2006-12-15
6cb121e192041b65410fa2af968921c908b14d14,Kevin W. Sutter,2006-12-29
c7128669c7e1f439f45c62d07b58e8add38343d2,Patrick Linskey,2007-01-17
bb7bf5940928786ce650ef9e3f6c0fb4c84d57ce,Kevin W. Sutter,2007-01-17
17c6580e4ce21e706513f77586372d9bf257a244,Kevin W. Sutter,2007-01-30
2ac1bcccbb4070da2c86bfee4c7368d9466141ca,Marc Prud'hommeaux,2007-01-31
862cd158ed5acee7361881860548c03444d01dd6,Craig Russell,2007-02-01
cde63a43060c630a4ec641d127ecccf05bb05384,Craig Russell,2007-02-01
a5dcfc91fa956627c66d3100717c308e3855d6c0,Craig Russell,2007-02-01
3c58b8840cfe65a2cbe4283897c846e18919311e,Kevin W. Sutter,2007-02-01
d826caf71175811a23214b4e23545aee7625d7ed,Kevin W. Sutter,2007-02-02
859da3f913d8b4f0b142fe872d78847f958f0614,Kevin W. Sutter,2007-02-08
7ea424bf0b36d6be115976fa6134877116fc2dee,Kevin W. Sutter,2007-02-09
09e7aab7778db72e6412625f39a9557d6a2646be,Srinivasa Segu,2007-02-20
1b446958f5699c2adecb3163ab9ce44b873b2f57,A. Abram White,2007-02-20
372b83736d50dba2a81f947b4bfd8220b8f62ed4,A. Abram White,2007-02-20
82a62a6b7800f0c218102c62232667390ef1d071,Srinivasa Segu,2007-02-21
afce8f543abfbcbe81eb87c7ed5e22c1879e44a5,A. Abram White,2007-03-05
1af233a0b3b7ad19ed14aa1b0a297269f7905e97,Patrick Linskey,2007-03-06
d2c748d1094f295243c7a3b9efe2b937d8bc9b0b,Patrick Linskey,2007-03-07
69c34cd385cfd06409b8009af5c9a681233d26b1,Patrick Linskey,2007-03-08
0b90c67a8bb2932037c4311e8afb7d85a6c3902e,Patrick Linskey,2007-03-08
b5bab78e043329c97b0ddac1558bd595e5a522aa,Patrick Linskey,2007-03-10
853fb319ba81e2ad589ac6a7ce47b45de0a2749d,Patrick Linskey,2007-03-10
229f24547add9fdf5c7414cf98895bf85f83e9d6,A. Abram White,2007-03-19
eb27482080af614ff7e387b9659e72571f8ce029,A. Abram White,2007-03-20
ae2d8685e1221f3a8ab8a96cc20f2b2cd2aa208f,Srinivasa Segu,2007-03-22
e541936463b4b6be3ab05ded5b2ed224b4692d6b,Srinivasa Segu,2007-04-05
c5d82a70d54136f47033d934e822f397f28f20d2,Srinivasa Segu,2007-04-06
af2550bb054bc9ec79aa02d9fa1953765b930da0,Marc Prud'hommeaux,2007-04-07
0806fd5b4409f45f86af4c92a648feaee3990b6d,Marc Prud'hommeaux,2007-04-09
b4a3a77840af840f9cd2800b717c585a3c135e5e,A. Abram White,2007-04-11
f7770883a4e9f8f002dd2d99287903be577b2dd4,Patrick Linskey,2007-04-25
b2beaec63446c937b69de2e73d2b7acda96b1549,Patrick Linskey,2007-04-26
7d7e303f849f6cbb139f11e1620a9a03d977a3be,Patrick Linskey,2007-04-26
d5d214c1821cb78f4bf644cf0c1fe2d5cb092f69,David J. Wisneski,2007-05-02
2f4cafdcfb6f0333538602b794a11e084d19cd3f,Marc Prud'hommeaux,2007-05-04
e422a7d179d7f153927f3685acab59c1dcefb9fd,Marc Prud'hommeaux,2007-05-04
15b0b59f25f755a96a6fdebf9d94a61e208ecbde,Patrick Linskey,2007-05-11
add6a29be4017c1cf670034811ab5942f756ce94,Patrick Linskey,2007-05-11
e041fe0d4de6baebefcbc34a3ff1962212535b5b,Marc Prud'hommeaux,2007-05-21
04397f562eeffeeb521527f12bfe9ab8bb83a93e,Marc Prud'hommeaux,2007-05-21
bc0c353ef0533d23863758c4bb5fce9008f2170f,Marc Prud'hommeaux,2007-05-21
c634dcb4d81b286fe77bc1cffdd92c811116948c,Kevin W. Sutter,2007-05-31
e65f53b43de6707db3515c17daa40a9103a558aa,Kevin W. Sutter,2007-06-26
058c174bef04520e4801447716b5c9203567a56f,Michael Dick,2007-06-27
e286a915d570b48956e93105bb84321a89659aad,Patrick Linskey,2007-07-05
774e7b5b8c3a07ef01fdeb5d38f1c4bb59dda9b0,Patrick Linskey,2007-07-06
1c9f0ae0ae9c4861d9f0181b3f0174dffb7eb87a,Michael Dick,2007-07-19
872d00888d786f97f027946f59cd9c1962487fec,Kevin W. Sutter,2007-07-31
a1d28857fa6cff6a6374b5f10d747b8538af9cdf,Michael Dick,2007-07-31
a8fc8dfa769b21bbe4534b4a4e62746f7d1f9ba1,Michael Dick,2007-08-02
4150e7f566680cf07ab70a58faa6b12f26b6574a,Michael Dick,2007-08-03
9382677eb148b417ae0328330e858cb6396c1a4c,Kevin W. Sutter,2007-08-06
d5ef5d1f3db5251683f1888da5353fb765584fe2,Patrick Linskey,2007-08-07
99ecf9564bc9f260bde9f702b2a79b121414345a,Michael Dick,2007-08-10
26b0e498455ffc4062ff4d06feec1d18ea560572,David J. Wisneski,2007-08-14
4e81825171676204c7e3ccaeaddbf679f0c5a590,Kevin W. Sutter,2007-08-14
c014c925382f115e067fb9265d9c49f96aaf17f9,David J. Wisneski,2007-08-15
6cd259f310fb0feab604805ffd0578e85513b64c,Michael Dick,2007-08-16
71f44f884e20bc6b08e339115bf14dc09a1ee8e5,Kevin W. Sutter,2007-08-16
8dd6857f67991d646727bfd3597d8b5b9b03d69f,Patrick Linskey,2007-08-21
eaeebf20c7e89466748e4c872a6c15a732351382,Kevin W. Sutter,2007-08-21
52d7ab797565c7b182a87128eb0a484a7e9237a7,Patrick Linskey,2007-08-21
b0cddf4e2d87d5a4f3c19d24cec89c4df4b9660d,Patrick Linskey,2007-08-21
071a9abbbbf852ddd8fbba083d2b139e4b340dc4,Michael Dick,2007-08-22
62b3725596582caa622cd068de3f28a6bd8fa976,Michael Dick,2007-08-28
e959466d1dfb8749fe4a8e8c99743ce73513391c,Patrick Linskey,2007-08-28
3fa609873b76746455b7c0355de7ac4dda52a14e,Patrick Linskey,2007-08-28
a7777cb075dc6b6dc58d25562e772346d3209a8a,Patrick Linskey,2007-08-30
5affd1274fc1e236e34612d9164a4a916c71f131,Kevin W. Sutter,2007-08-31
4dae2231cc3253d8d98590476d839500268584f8,Kevin W. Sutter,2007-08-31
8500feee82da1dadbc37833ce22aa2626bbe8828,Kevin W. Sutter,2007-08-31
bbbe5ad85a1ccc96e677c112249edf34cc9cc5e1,Patrick Linskey,2007-09-05
caa4b76fe246bebf47ada251d5e84e0ada35b2bb,Michael Dick,2007-09-07
7d9724ac004489042af95932629ecb152033c34a,Craig Russell,2007-09-07
a3a74cc233a91b442857d81b00c78e5b86e799de,Patrick Linskey,2007-09-07
1242abf2d5464c4048fdb62a17f7cee12c190798,Srinivasa Segu,2007-09-09
6d5fe3bb8ada4d0aceb5d6221140637dc60ab47d,Pinaki Poddar,2007-09-10
7c07cc6d1da3313455114ffe00b120ab8d1a2ba6,Pinaki Poddar,2007-09-10
3d8748c427a095b896ce1ecfca0b5ab91b34617e,Kevin W. Sutter,2007-09-11
a4bf964c089bb70e48abb4d78f35327317264c49,Catalina Wei,2007-09-11
efc6e371b72e345b4802dc5c9d841b4db88028fd,Kevin W. Sutter,2007-09-12
5e590a951ee9a24d3c019f8eb67ced2d819261a0,Catalina Wei,2007-09-12
884d6b5460be23e12f82f29501f07b5b771e012d,Kevin W. Sutter,2007-09-17
c0cf40564898fbf464b6782e674aa26ea4031182,Catalina Wei,2007-09-18
7524219f6a3291c382287b41db5dcd72cb35a995,Kevin W. Sutter,2007-09-18
5d4d50df96e29335937e5fb12df0b6787d5c525e,Catalina Wei,2007-09-21
91917c406cd68298a501a2eea1605fdc4e8c73e2,Srinivasa Segu,2007-09-21
89b030c3d17855b38301bc84934d82bcc32b0ad1,Michael Dick,2007-09-21
12840cafbf0b0ebe84c5d8fb76b38b4b1e543fce,Michael Dick,2007-09-24
6f43ce7d40f545a2fd88f0feb752aab16985157c,Kevin W. Sutter,2007-09-27
a92418ddd6d486cff60d3c377dda16149ca2297c,Michael Dick,2007-09-28
bb527a1e882b9aff495a02b14a31231651487ef6,Patrick Linskey,2007-09-28
5a48e90100e6fdaa4cee76a1a927679cba0eefd7,Kevin W. Sutter,2007-10-01
fab1a92046f60999aa6428f2f27a9fdf1056bba4,Catalina Wei,2007-10-01
5ef181ab94a302d439ef4e406fcdda7785a57048,Patrick Linskey,2007-10-03
03d19774c2c6a63b49a3b95f5b3095af146015b3,Albert Lee,2007-10-03
cafd3d7a62acc533e53a059e8685e0f7d5190e5d,Craig Russell,2007-10-03
22e5530d0c819cfdc15e629d3c92657c8ed992dc,Patrick Linskey,2007-10-04
4fb0c28dc295eb9318fbf8f6c5f664e315f40b79,Kevin W. Sutter,2007-10-08
8c6e31a1d98955516d9d66e292a186069cf1b13d,Michael Dick,2007-10-08
a1fb5b7f72e7947c30570b44feb6e0b9934d60d7,Kevin W. Sutter,2007-10-08
31e436df3c015ff70a0ba4fa8e0ec493e4cef358,Michael Dick,2007-10-12
86f79ae640c19d8a1bd9ec858238434e13769d23,Kevin W. Sutter,2007-10-16
aca5f3351df8b7fae0cf79ae1ead5af2e1abdd5a,Kevin W. Sutter,2007-10-18
ba6274a19e6255e384c27a0d6cf9ffe5290beec0,Kevin W. Sutter,2007-10-19
92919929f81a32dd451c1f2116dbbcf4acff860d,Albert Lee,2007-10-24
cb2a061dc7b46245b5ff4ee2478ffdb848a01315,Michael Dick,2007-10-24
9e5cc06fcb99006eea60d88c91451b2ea86331ca,Michael Dick,2007-10-24
8a67bc28130b71818bb704068468b4c27d06addd,Michael Dick,2007-10-24
35fb37ea380649a203db65d78c972f1206a509b9,Michael Dick,2007-10-25
b50c73f35711d2d965dfa4fe9918f14504d628b7,Patrick Linskey,2007-10-26
e487d35da68bc0332546d1a16f0cdc9e9baa64f0,Patrick Linskey,2007-10-26
ddd0791346cfdce3612e60608d35e5c952deb898,Kevin W. Sutter,2007-10-27
80d2c39020e4aa201d1bc066db6d97044863e1a1,Michael Dick,2007-10-29
2f2e39991d5c6485183d03c3d1051f4fb5ce0ee9,Kevin W. Sutter,2007-10-29
830cc35014e422f0bdf6b43cb7e1c709560876f1,Patrick Linskey,2007-10-31
3ca7d9d4d6bef1267b6d6af85ea74c20a87ee93d,Patrick Linskey,2007-11-05
80269d0f1932a57779128c7c3c9432a646bebd94,Patrick Linskey,2007-11-12
4a8d0b798b2b292f9a8a5c234dd446b566cb7274,Craig Russell,2007-11-15
d4e978f5aeb420aa295a166e0f35770e5b181932,Patrick Linskey,2007-11-20
4c2efed65b06efe4dfceb6cf499bd6fe6e4ffd9c,Patrick Linskey,2007-11-20
e1dccc1872e9fa517851e54dccd5d6e264c5caba,Michael Dick,2007-11-20
aa5259d5210a6ba6e9adc11d37db2cc733725715,Patrick Linskey,2007-11-20
6ea5a81c9380521adb3c0c7839a06194c9e148f3,Pinaki Poddar,2007-11-21
46ce1f5af7dea3fa25e037618779d6dc2d2f92bf,Patrick Linskey,2007-11-21
5472692b411e87032a95e60ea0833b35b94695a0,Marc Prud'hommeaux,2007-11-28
55720f220bb769a21cb3161f240a9f7937d27dd6,Michael Dick,2007-11-29
a54f84262450b1cafe497ed0b058f1e9bd5f31bc,Pinaki Poddar,2007-12-10
38f41d870ee28de236a4bde5fa5331c04771eebf,Pinaki Poddar,2007-12-10
c00f3b5b788775703494a1566be6529d70e4f724,Pinaki Poddar,2007-12-10
008b249c241dae1cc91a2c74f0621afc8947a5fa,Patrick Linskey,2007-12-16
ab88266f2aa9f0a95baa64f264efeb3ff79665b2,Patrick Linskey,2007-12-19
69ee1ce7f0f6b819a38128ffeddbb5c235942af9,Craig Russell,2007-12-29
4140d243a4b4c65cdaa9d43589c4c25263cbdb2b,Craig Russell,2008-01-02
0d3bc96fcb3ce692bf088c5cab91cfa309013a32,Catalina Wei,2008-01-10
8c4cf9511edfc1a505ae639204b14f06a12ce739,Patrick Linskey,2008-01-16
3d3cb67c5a5144afd49d23195a3ae0f50595ed98,Patrick Linskey,2008-01-16
206f0f04e1d6d28b7a1a8c7166bf7e5e366b5dde,Patrick Linskey,2008-01-16
240d356314bb8662101ac87c1e2e97ebf829c4b2,Pinaki Poddar,2008-01-16
7f797f0226382b919e7353060d108d9e519e90dc,Kevin W. Sutter,2008-01-17
4d9a6759db880b67adf9cd233528da021524dc99,Michael Dick,2008-01-23
2a45dc5929232f897d20240d2891836dabff020d,Patrick Linskey,2008-01-25
2a612c105315ff1b994a868505a65523e19690b0,Patrick Linskey,2008-01-25
78f5a95b2b21290f26e467de86bc97db483ee52c,Patrick Linskey,2008-01-25
37c4e9148a7c6246c339a8b87285b686a8d812ae,Patrick Linskey,2008-01-25
18e83a09b18fde4721af69123fd4c7799bcca00e,Patrick Linskey,2008-01-31
62c8c548d90295d92e5aacd3adcdce0e785bf553,Patrick Linskey,2008-01-31
171dc5d46aeb2084b2fc2f92079033117b413ac4,Patrick Linskey,2008-01-31
64d0ea816673b6f36f88c363891ecb2136993dda,Patrick Linskey,2008-01-31
18c90bbd0be9031ca3f32f0f19c2c48221c3834f,Patrick Linskey,2008-02-02
b92f6420af0222aa71877aa737d3456f000bb409,Michael Dick,2008-02-05
024faa31d75a55a619b1e59ff40b7523c24c4c84,Pinaki Poddar,2008-02-05
0033a6b3d97a468fe7c08a6cb46a66fdd57a0da3,Michael Dick,2008-02-07
99bf6d14f8f9097fe4298475f8653608a224cbca,Michael Dick,2008-02-08
caa400cbb335869941d547038008b23f6a7769d5,Srinivasa Segu,2008-02-14
ec7bd83e1afb1f08ff8f809331526c5186f61b62,Michael Dick,2008-02-20
6bb87e620310fbd6be0493485dca9e9bc910985c,Patrick Linskey,2008-02-20
c4af04617ebb18551f6cf57e80b798e110da18a6,Albert Lee,2008-02-25
a4600fbe98636abf2f72904852008ea09b8793bc,Michael Dick,2008-03-01
ca9828726d333c043d4a3a97d5276f97591077c2,Michael Dick,2008-03-03
d93ac261adc022453b16d2879805057fd6205773,Albert Lee,2008-03-11
635ee199fef8533ed5a176e07d40b75dc8a66074,Michael Dick,2008-03-21
831bd55051cccfaad51dde9923e19584d236062f,Michael Dick,2008-03-21
2d0a3c91578d9994dca0204abcb463e9fa548828,Michael Dick,2008-03-24
9dadffffc19228783088509e22c2d42181d02295,Michael Dick,2008-03-24
6af619cd891e793efe4c239f4e4815b89d119d49,Kevin W. Sutter,2008-03-25
999ce2e670eef2def0a0b89f4bb62dbe74b6a4fa,Patrick Linskey,2008-04-03
ee8155bb60ddfdc94e94b8973455c599072a6c27,Albert Lee,2008-04-03
9c19356c7c2b5690c8b487b4ee05ba92297847c4,A. Abram White,2008-04-07
5196ae0bc27d4d50ef468aa9b5334155c89a8dcb,Albert Lee,2008-04-09
50b81e6d7706d8f28aab8110086b1d7f114c1b45,Catalina Wei,2008-04-09
810e401dbe638f655e9e72cd52e0209853a7a0b6,Albert Lee,2008-04-10
07cd1728a1148a37bb64216241d3bde4330ec5ba,Catalina Wei,2008-04-11
a35b53b27f1ad9b72ac2ae715031f5dfccd9b1e9,Michael Dick,2008-04-20
016f0bf61ecbfcacbbfe94a7bf5f3754440f7245,Michael Dick,2008-04-20
18a3db781b0e3275f83f9cd4b014c06f8f43af47,Patrick Linskey,2008-04-23
d78e76aa5addbfdfa92fa5fc93142c325c250ab1,Albert Lee,2008-04-24
14eeab2c00efc8df2ad15b35136e85c63852158c,Catalina Wei,2008-05-04
efcc2577a608e944098c4aa727f4d4b0f5867585,Michael Dick,2008-05-05
33e094c6f1aa4e900bd5a149f8b1d718640d9c1b,Pinaki Poddar,2008-05-07
31870894320c738e8d7776382892305d9b99b94d,Catalina Wei,2008-05-09
b3f87ba1ec0288c6b6dabf2c15c2a8c5c66f9cc9,Catalina Wei,2008-05-21
99a69bef3315bc0434be8a54281b3f1802fbe6f8,Catalina Wei,2008-05-21
b2bd03567df6a5f3b936f65288bd84df9ebeca97,Catalina Wei,2008-05-21
47f681a7b504c0a5ebed6e7bce44bcd1f7d236ae,Catalina Wei,2008-05-22
2d217257d9a6e169d8ea1aea9e2f906192d16784,Catalina Wei,2008-05-28
dbbd1236f235a86f672b3f21bedaf2ee5672b34c,Catalina Wei,2008-05-28
93417f99e370124cf2e4dfc5a8988b14ae061eaf,Catalina Wei,2008-05-29
d1aa6a2c48ad00711befb7d237a435ddd1c3973a,Catalina Wei,2008-05-29
48b1fb5a370ea5969116332cb486c95e4934c77d,Catalina Wei,2008-05-29
8a80d753a31e71ce07f24e7069b7ff5e71e30c03,Catalina Wei,2008-06-04
e00c6e8f80434fd07b1dd438780cb3d964303392,Pinaki Poddar,2008-06-16
a8e0dc180e8b360c4e72eca7c131b2826eceaedd,Pinaki Poddar,2008-06-17
d1a165bc613d54bd9ff9baa2ca0fbca8305b70f0,Pinaki Poddar,2008-06-19
976a5e1faf9df64b40ede8586c345def1454cf4e,Michael Dick,2008-06-25
2b3f7ec90c3a834917232f4cdf27d00d0f62905a,Catalina Wei,2008-06-26
ff4a96e707337123c3e94ba641b504101dd05c79,Pinaki Poddar,2008-06-27
6868b1cc4a104a7224510ad5be5869372ffbe80c,Pinaki Poddar,2008-06-28
d52998d0744c99c87110ae2657740eb20055b352,Pinaki Poddar,2008-06-28
54d1a24320ffae8bada3281bf28d28490de284c3,Pinaki Poddar,2008-07-01
1ad09239b378a4c495a8a35cd61cda8b807b22d0,Pinaki Poddar,2008-07-02
50aaa9764abc4c606488b1c0493403a351b6a26a,Pinaki Poddar,2008-07-02
13e48971736a7727f65293895c175ef992c30d1e,Pinaki Poddar,2008-07-02
434319cfee6140b6eac8cc136f039de50de59b83,Pinaki Poddar,2008-07-14
6e3aca63ec90da0198073a1697a556dbe493cbc2,Pinaki Poddar,2008-07-16
fec65630fd5b0d6759b0d921e01e201ab8dd1c0b,Pinaki Poddar,2008-07-16
c7e78fc80dc0a37f48de261b67f4ccba50338c5e,Pinaki Poddar,2008-07-17
4c0bf1be10ca50cf8a02fb2e7c58ff52f862ca5f,Pinaki Poddar,2008-07-21
b4c557d0c052726037f32430f038d059fc9aceaf,Pinaki Poddar,2008-07-22
315cc2d1555925da6f62b808976792676ec2bcea,Pinaki Poddar,2008-07-24
1111ee16ff9fdb72c7e5d12dd0afad6ddda2be5c,Pinaki Poddar,2008-07-24
2254791f9b374a141a09782c1ee06bdee567e923,Pinaki Poddar,2008-07-28
191f26d72d58b992ee7a6f82c6973681a3bdc275,Michael Dick,2008-07-28
9174b3f1742e0d17eeaa874690cf2dca2752b97d,Pinaki Poddar,2008-07-28
3b91451d1669c3b8025730bcacc0e4f0d385eb61,Pinaki Poddar,2008-08-01
8cb82a6f330d3fb6032750fc94236ffaa43ad01a,Pinaki Poddar,2008-08-01
b29b9b6c7619e5785d80769881a16a95503bf79c,Pinaki Poddar,2008-08-01
45651cee86e2b0fd09d9ba131c25b5f668c0412d,Pinaki Poddar,2008-08-02
3b00de3b261f4b0dd28b8da7500c7b81dad2d132,Pinaki Poddar,2008-08-05
e41e1dd9761c718861e69afd2c44e85da02daa7d,Michael Dick,2008-08-05
a7464c7e0a4162d4a574d3d31190b3ac11828eb2,Pinaki Poddar,2008-08-05
a6216d10db96705ca23113b68ced81b86c5712f8,Pinaki Poddar,2008-08-05
e97d6d15985fa8f0100ee1e4931e5337ed497d65,Catalina Wei,2008-08-06
9ebfe800a5cffc4116d0fa3023d8427d6a1a63bb,Pinaki Poddar,2008-08-08
610023adee027bfa7124b3764df0b8fed5e2a672,Pinaki Poddar,2008-08-08
237c092ebb1dd885954e4a93c476ff70554c7bf2,Pinaki Poddar,2008-08-08
6dbe8a9e57ee2a66d2b760e4114761332ada00f3,Pinaki Poddar,2008-08-10
e7c3df714b731eeff96af2c3347948aef5020a03,Pinaki Poddar,2008-08-10
ffb59c35fcd7b8d6adf658bc794bcaff465ced32,Pinaki Poddar,2008-08-11
f4845dae9b5767ea7fb4a26c631c4b28b0c49243,Catalina Wei,2008-08-12
aae12606650335c92930c6a369d799828bbae058,Pinaki Poddar,2008-08-14
fd15719a4ba9863172ed7a8286662caf2b7f9e21,A. Abram White,2008-08-15
04c292c761a2fa8563dc66bea702ed381e910cec,Pinaki Poddar,2008-08-22
322689a573483d14cdd807b5881f707a1ff8a3f9,Catalina Wei,2008-08-22
d435a69c6b8a7580a364e425fc18f2797a7388b4,Pinaki Poddar,2008-08-25
36abd7cb6233fdcc9aba8154e72d81c32f6207e5,Kevin W. Sutter,2008-08-25
42f2f394fbadb894079389c4e69cb0193a4beb94,Pinaki Poddar,2008-08-26
8fc909c19cbbf27f1b2e5168a6b2dadd40024f95,A. Abram White,2008-08-27
a60fab2d7eef3c7cad40ca7c598e1f90ec2c01ad,Pinaki Poddar,2008-09-03
52a0f630978ee7687057e5eda128f67233a98939,Michael Dick,2008-09-08
8e6db6cb65c2acca6812b30f56e56ff48000a02f,Kevin W. Sutter,2008-09-08
4aa64410ad95dc18d774e58e8dc6eb3ce30a1532,Kevin W. Sutter,2008-09-08
a904e327287363459ea896987433b26c868713d5,Michael Dick,2008-09-09
b3951a1c11d590598c34b3c256c7abb789441444,Michael Dick,2008-09-10
2f75495c57ff27b2fdabbd19a3026e717c125550,Michael Dick,2008-09-16
2c86e1d910a70166240d67967a89628430b4ce2c,Michael Dick,2008-09-17
caf46298d63a6c95ff3becfb5ffac246a84275c7,Michael Dick,2008-09-17
e165e502d58728c76d0980fb4f6d5804a0395c70,Michael Dick,2008-09-17
7a7957d8ccd1bfb2cba2fb933a1989406984a2dd,Michael Dick,2008-09-22
07c6b1e5ddce7069c8bab7149ecf0a365a43bd88,Albert Lee,2008-09-25
baa01d79dd0a9f35195ce46828b3f38e3faf93d5,Catalina Wei,2008-09-26
ab424921005d872958cae6583a44af1e089b65d1,Jeremy Bauer,2008-09-30
1e4aa60859d0a2a6ef90ab1d6c56dfb90ea7805b,Fay Wang,2008-10-21
ac40fde3f1bded71a16c8c5dd4846d81f1dc9ea5,Fay Wang,2008-10-21
703a2b9b600817f96ed3d7ba1024fabf50184dc9,Fay Wang,2008-10-23
c49f0e17d6b1f02970acd15dee527b25784d01e1,Jeremy Bauer,2008-10-23
509f41c801b7b02d5825372620c29cf612646570,Albert Lee,2008-10-29
54d4d0d07d5405670c84823ee2701f497f384538,Jeremy Bauer,2008-10-31
7e24608f524188e5b019777d85d01a2b4dd62d9a,Fay Wang,2008-11-04
f55dff2069f4a1dc2f27d7e5a9dd126bcc5a2d67,Albert Lee,2008-11-04
ea9378fc9646f9fe771ace35fc2d8cbb0d88bc56,Albert Lee,2008-11-05
5550d8dbb53e2b5bbff4dddac060a93c33d7ceff,Catalina Wei,2008-11-10
75b9ca7fa3588428083f6fedb9b398f710065726,Pinaki Poddar,2008-11-10
68d48f948e8bf1f47648179fe0680040d1f23b1f,Kevin W. Sutter,2008-11-20
ef7f18f30c168b1cb4b046bfde99ac23cd9ba934,Albert Lee,2008-12-03
569641f0950e01c8abbaff6e23e2739a8a2f2c9a,Catalina Wei,2008-12-09
548ccbcf959025988fc9ee517ba1a0ef983ee449,Pinaki Poddar,2008-12-16
ead852dc38f623f3ec4cfa8a20be71a368211762,Michael Dick,2008-12-17
0500645b7a753dbf287c81b6bda473165b1ccc44,Catalina Wei,2008-12-19
6ff7d9a922d1b3f61fa2363529622e69f1d82b9d,Fay Wang,2008-12-22
94efd58dd9e258e2de7436c767f179e136c49dfe,Pinaki Poddar,2008-12-23
fb7ab1908bfb6afe560f094ab70b9de860280ed0,Catalina Wei,2008-12-24
2309a59df503eafd89ecaa334d4964d0ea34b605,Catalina Wei,2009-01-10
696388049b3a89248e265af7274bdb298ab91e0a,Michael Dick,2009-01-15
8c50f73fe4820ac25b5268553b8029c32d9c9f9e,Michael Dick,2009-01-16
c5736acdf423b312fde13a86d34ec4932e22acc9,Michael Dick,2009-01-22
f1d2bf4bef6b479bfe9ee5eda2e5364bba7d67d5,Catalina Wei,2009-01-23
89df4a75321f4066bb7a0a83d0fa03ace16e32bf,Fay Wang,2009-01-26
963e541fd268a6bf0c64194cf917b5199600a9cb,Fay Wang,2009-01-29
7b5510cabcdbc156229d9014d3fa9c3e616da890,Fay Wang,2009-02-04
80aea14f18227ceafca32cc4a36f614280a7fcc9,Catalina Wei,2009-02-08
ba62ff1aa34908c39155aeb00585ce164c942d91,Pinaki Poddar,2009-02-09
5b558e5388dd98b3df44cc7e52a20b38684d5c32,Pinaki Poddar,2009-02-11
1d47f145476b3fe5e01629b136fd42dd8298f6c2,A. Abram White,2009-02-11
3adf70a029dadfe5e5a5765b02f04c89af149244,Michael Dick,2009-02-12
d1c23c2d9df241ec2c3247aa0dd5ef18eafaa261,Catalina Wei,2009-02-18
350dcbc92a2c2fcf52abf1f7500cda0e3fce6283,Catalina Wei,2009-02-18
679989fd16a96bd9f94c0a68face0374dfaa2b44,Albert Lee,2009-02-19
9d7360cb35872203b416bdf3767f02f1c4158eb9,Pinaki Poddar,2009-02-22
efc6ba4735d62cb8a82ed2ce29096d149d516c4f,Michael Dick,2009-03-01
cae33419ae4aab79500a8d574ff7873f005a955f,Pinaki Poddar,2009-03-06
ab9d17f12e6e5bc2b784d7f4e5b4d45b47aac9b6,Fay Wang,2009-03-10
c67cd5d0be03ee6dac397b4ca48304aaaeaed1c8,Fay Wang,2009-03-11
0e7c84ef81c1fa5b92a07f4604d00217479b831a,Albert Lee,2009-03-12
6b40e7268302db484c11e3d69324f4e3fd12819e,Pinaki Poddar,2009-03-16
ff8d46578c84df4b581976a24d51970275845497,Michael Dick,2009-03-17
1d94611932b074f974c09843b14e95d56edf0e73,Michael Dick,2009-03-18
b00ef73b409f3c08dbab9d35fd81911808368d6c,Fay Wang,2009-03-19
31ae5802525dc7948002eeb6c650a51b357e821b,Fay Wang,2009-03-23
19371ce1747cfbec0f6ab22241e28304d27d59c2,Fay Wang,2009-04-02
0aedae43701528f57b32dea534b5def3a576074d,Milosz Tylenda,2009-04-02
21b41a50fe101d6003fac68b940032dd9bc1f0f9,Pinaki Poddar,2009-04-15
4d1b86e86040a38395e3bcb09fcf059ef161f05f,Milosz Tylenda,2009-04-18
14ae1c34cf1481607b2f321b625014fed59d6e29,Michael Dick,2009-04-29
bd50e177bb770396c10cec7ee8f85d0a01044ac4,Jeremy Bauer,2009-04-29
861db8ddd022c1b27c9ab3bf36df80cf5517c046,Pinaki Poddar,2009-05-01
09a77eeae3b1e25244490f0c93dc159314a872f9,Michael Dick,2009-05-07
95e9b554c694f23da994e4b63c880a38c7615356,Donald Woods,2009-05-07
13819e01f7d57a59ebc945e4bd33b4b4882863bf,Milosz Tylenda,2009-05-12
f81e627b27627374ea9574c6811d51645ba7428a,Jeremy Bauer,2009-05-13
ef204040c208c6250fda950dfbca58ea187619ad,Michael Dick,2009-05-19
2e9f4187ccf0bfc07629e062a0af745806440761,Michael Dick,2009-05-26
3c88ac3d20d871db3535a06d04735a9f7d2a7874,Michael Dick,2009-05-28
0d6f1a02143b3fd12342fd783f0438d764759645,Michael Dick,2009-05-28
8ab85903ff1db66396d13f8f05c1ff8b120827c0,Milosz Tylenda,2009-06-06
7b06c5cfbf04d203ba55920ff120c3e6469e69e9,Albert Lee,2009-06-10
1fce44737bd0cd696fb8b904aafb1dd663093d11,Michael Dick,2009-06-30
03d9e24bc6a10c3bea737678606d74f7c6fb86fc,Michael Dick,2009-06-30
9c6fbcbab3c3a2617da4550d4316e36e13d97ca1,Michael Dick,2009-06-30
56ae0ae6ae48cd07156cb6c9e4048ad62df823cd,Albert Lee,2009-07-08
f6413764d5b41a83003a163b74023dce8398fb05,Michael Dick,2009-07-09
47173558ef9f0a570e931c2d6d1e395f4bbf688d,Michael Dick,2009-07-13
048419e89b2ccdfb3c3f32d86ec1dd4b81bda8a5,Donald Woods,2009-07-20
5136bbc8d33fab04e782e915bb6669599870f099,Michael Dick,2009-07-23
8c9c54e65212503a816b203b9f62fba552528f07,Michael Dick,2009-07-27
ec483537da504f3ea5c4371fe096ba636211c0c6,Fay Wang,2009-07-29
efaf681a466f83e92ef6ab75d9774fe1e1c4328c,Donald Woods,2009-07-29
803c4daaa437dd7e652ecc1c643d3bf7ef6a485e,Donald Woods,2009-07-29
16344b5b33639767eecffa16c769b956633d14e2,Donald Woods,2009-07-30
aa72c08d4469c3e7635e972d99674e2b9f30e407,Michael Dick,2009-07-30
d91fa6a2ac3fb4f2ba3af8aaa66121134765e3b8,Michael Dick,2009-07-30
5432ffecbb765de57791f414aa88c9dd88cd55c6,Fay Wang,2009-07-30
5f83298a9541a5a60ac8e4b3f44d1e541ed90039,Michael Dick,2009-07-30
5232b727949d00add9cb61e153cbbcdc9e13c769,Michael Dick,2009-08-03
7658c64e1656af28b965e2a6f1a55918951d38fa,Michael Dick,2009-08-03
a4a94f5331993bc50bf1f2168246e91c2864141f,Fay Wang,2009-08-05
c1ac969c7d951967f1faa772c65bcfa34918326e,Albert Lee,2009-08-06
cbfd6b88dd152206de1c972f82600c001354a495,Albert Lee,2009-08-07
3b327b5fbb3fe45f6f691d738b16fa567d345541,Michael Dick,2009-08-07
fb2a45a739d463e21e76f16ce1b0db46b929a6b1,Michael Dick,2009-08-09
61b85e4b1a6ef5c23f2b8bc87a09facc78e818a2,Michael Dick,2009-08-09
538f1fd084c655850d5628e0bf7d8fc5273c29fd,Donald Woods,2009-08-10
9af553bc8d9fc945bea6c7c259cf1f53cf7d8dab,Jeremy Bauer,2009-08-10
45acdf357a50a0290d659b538d128b465365326d,Donald Woods,2009-08-11
5b68196cf1b235977c9134fe57f5ef694f8eafa1,Jeremy Bauer,2009-08-12
a488a122cf639eb23b37ba23670758ce6b2eef40,Fay Wang,2009-08-13
49e554ac6c0d7903af79d516a0accb8fa8ba7b59,Michael Dick,2009-08-16
c35c13497b03903fe2aef6a5f96e37a9642a627d,Fay Wang,2009-08-17
21d88cadc79848e5c678069478a036fbac439ddf,Fay Wang,2009-08-20
bb7048d27c55141851d7f9496f17aae407eca4e4,Michael Dick,2009-08-21
6303e9a753e205f16612bcd92ee7685446d849c9,David Ezzio,2009-08-25
f06d862ec60cd1ab679152e0c7c6588c3b6282e1,Michael Dick,2009-08-27
250186fbcbf7b82437ae4e912cdcd92bab8640b8,Pinaki Poddar,2009-08-28
78e93abb515193f3b1abd00ee9074186527fb110,Fay Wang,2009-08-28
69cf52f68d306838a40ffbadab9b3444be5f7f4a,Michael Dick,2009-09-01
ac939f7b5f23e8ef73e37c8baa1b0b23c5c4edce,Fay Wang,2009-09-02
1908a911803951e2a3bb27f203ee2bd077092ff1,Donald Woods,2009-09-02
5d6581bf7f75ddf7c77e37a087cf6a63cc757e94,Catalina Wei,2009-09-03
701221576dc7ff77a99ea8df5c8975ac866f92c0,Fay Wang,2009-09-04
d2cc5e03607fc70d84068cc4705e98997e760ebf,Fay Wang,2009-09-04
32c6ca132ce4daa64f736d2ab50aa5267bc8048a,Donald Woods,2009-09-11
46734cf443c69afc0221c427a349aa251f9a1969,Donald Woods,2009-09-11
ee9210be92ff0279aeed80460ead1f2a279c6f6e,Donald Woods,2009-09-14
416b8d3ccb65f8ecf612513489ed78e5cebe8641,Donald Woods,2009-09-14
eded0dd8facefda2af83567ecdae12f4c09eb53f,Richard G. Curtis,2009-09-15
72f2cb8516ee11accbb4cda1ed7c6d8479b79ee2,Fay Wang,2009-09-17
8c1e1a7ea57a3ebb21757762696ef9592022c71d,Fay Wang,2009-09-17
cf7f69bbd57fe1f40f9c7341c10788a591278777,Fay Wang,2009-09-18
5c23058b0ea70d802a55cdb3f94722138d75910b,Fay Wang,2009-09-21
19da9769b0b11017a169f84125813ecae51a3458,Fay Wang,2009-09-21
6f1b9627fe928732b637e409c95669fd0cc94746,Fay Wang,2009-09-22
067a6f0ffb8d51201614adace89568473ad4147c,Fay Wang,2009-09-24
7d3497781c1a9660863e9eb10ada9c2ae107360e,Fay Wang,2009-09-24
ef54e75107ffb98f144f86937a292330a11fb823,Fay Wang,2009-09-24
9f29552e858bceac4e69e11547db9118d228461d,Fay Wang,2009-09-26
9eeb4b2fbd89570410fcfc165640852353b6c6d7,Fay Wang,2009-09-26
bb3e1a5185dade67ff4e7e1ab6a3a3a6255bf3c4,Fay Wang,2009-09-26
363f7f6e3f16bf0693fce192683685894946e252,Milosz Tylenda,2009-09-27
174f2af0ded2b32e949724b0027263a99d484960,Michael Dick,2009-09-28
c06481b4527a8e6903ebe62df9c040171435fbf5,Richard G. Curtis,2009-09-29
97aca65ddc006b3bd868faadc3893222b0609cd6,Fay Wang,2009-10-03
cc5664fe2d6d2cdd08e7b9744d69075541931965,Michael Dick,2009-10-04
63a3408d7d291fd3c965500c33fabf2189530d65,Richard G. Curtis,2009-10-06
39240eb1ecf22f6b47db987bfcdf918bfd0faa78,Donald Woods,2009-10-06
47a90dae9834cafdfefce77542f9b627348bd6a5,Milosz Tylenda,2009-10-10
eb41b03ff4263cb004d7c0695f103c7f12203fde,Albert Lee,2009-10-12
87e07a9d47a05cb6ee72c80d932a20023a296a15,Albert Lee,2009-10-12
65d2ea8b1922cae9f68dddbdcd1e8e1212a62ba4,Fay Wang,2009-10-16
79a4b76fdf0038f2460f6a5c828ab1e04ddf67ae,Fay Wang,2009-10-16
59c81b98aa2730084defb28839661bda5aad8bc3,Pinaki Poddar,2009-10-20
105d46c6eacbaad594e991b012f046da5d7d38fd,Michael Dick,2009-10-22
3ec0fbf66fd6fd433d25e9884e2bd3453e78f1f4,Pinaki Poddar,2009-10-28
5016fc69f876b56f961f062b538440af8bdc7497,Pinaki Poddar,2009-10-28
530a190ebb90ffd97adc3a961c6d85c896ea9f41,Michael Dick,2009-10-28
62cc18cecbc2d87beba982db0c7f04b1b631f32f,Jeremy Bauer,2009-10-28
f25b573aa08af7d0d26d5bb2b40d8e3be15a6874,Catalina Wei,2009-10-31
eabd0c9454bab3170ce7c10208afd687c96b84b1,Fay Wang,2009-11-01
d1feecbc9e3750c2b887f0ae95b509569d28d22e,Fay Wang,2009-11-01
3e83d5d15b2095330d21739e1244db9b52a1a9b3,Albert Lee,2009-11-05
75f3a174a46540cdcf3509396f7c82febcfd6c2f,Albert Lee,2009-11-08
19eb9f2615a15ae74a13668b88e3fd6136911d3e,Richard G. Curtis,2009-11-09
ab18db113b1fcdef7db9e96d8dcd6728cda576d8,Jeremy Bauer,2009-11-10
983b34b68e9b5cf2fb5b78744f6bb2fcb654389c,Fay Wang,2009-11-11
70fc46f93eab6364e8062cc857ae27dafbc3449f,Pinaki Poddar,2009-11-12
2271a54167f3fa394f0b15f1b660e1cc0bea1144,Michael Dick,2009-11-12
6ae4adf687ac9194fa66b4f82ccf07413b0262e3,Pinaki Poddar,2009-11-13
6e630e827ea2a257b2277c5589532b3b3b2e7fea,Pinaki Poddar,2009-11-13
61f9b32a496f538e89074b5edd563bc1f01fb532,Pinaki Poddar,2009-11-16
05c785704cc706a1ca3745a5b2a3625eafb96c21,Pinaki Poddar,2009-11-16
69d2415b575d884968cb2e974173e6af570e093b,Pinaki Poddar,2009-11-16
5143d0cafd3ccd45a973f5945561675d87a5e81c,Pinaki Poddar,2009-11-16
9c275904f3a7a6f7f5740cf641bf7fcccb710186,Pinaki Poddar,2009-11-16
481bb3d6eb14697e425a673b643e6037424c173e,Pinaki Poddar,2009-11-17
be2ff16fe3ac83e54723daa4452dc71a6c1e2a14,Pinaki Poddar,2009-11-17
ee30b010dcbd58258c5d940d121e02f70b8160d9,Catalina Wei,2009-11-17
27996efb4882423eb1fce9425626d068e4eb501b,Michael Dick,2009-11-18
f1451e5fd868eacfabaf3500faeae13f05de3e79,Pinaki Poddar,2009-11-18
c3a856faa022f43d8fe9b30d954edd46e1401131,Fay Wang,2009-11-19
0291158f589290114dc031614f9595e81bc30b10,Pinaki Poddar,2009-11-19
2c00f18f0c634ed5c16ebdbb90188e24033ef124,Richard G. Curtis,2009-12-01
110cb20e798f6c6eb2211b973ff23826604daf84,Milosz Tylenda,2009-12-01
1aaa1aa08647c357a406ecee42e6b2439c60fb27,Pinaki Poddar,2009-12-01
2353db803d1f862a2b1a30052cc56346ac59cf06,Pinaki Poddar,2009-12-02
8607e0b3b4050a29c93c15bdd23fe676bf76490f,Pinaki Poddar,2009-12-08
b8313194431891caa284c08b62364cd474a7884a,Pinaki Poddar,2009-12-08
b1ee063aa43a1e1fbfd837ef82a25a3e7ef937c4,Pinaki Poddar,2009-12-11
4515e2f5da657fedb0329c5bc5e48e657e861ebb,Pinaki Poddar,2009-12-11
82aece97114ff940964db9bca34b62c9bd5279c7,Michael Dick,2009-12-11
e5ba74a9fcefaacdb963405c65910f9272c6829c,Pinaki Poddar,2009-12-11
43c55d05391c97160cb6e963742b19c62ba1a3b3,Pinaki Poddar,2009-12-11
6cee09c8c9ff17ce3b997f8116e186a9ca64d4fb,Milosz Tylenda,2009-12-12
3067245dac166500fd0cc15c445f222334afba27,Richard G. Curtis,2009-12-14
8dff01769495aa4fd94c83b58f144dfdebdfc581,Fay Wang,2009-12-15
40f017a2e99211101f25fe3d6faafdef38d780a8,Michael Dick,2009-12-16
8410bc88c6fca3587170b61ad9890c1717e81b1e,Fay Wang,2009-12-16
9e8b0ded0b5c204f3de3df3abb8f79b44d9f7421,Catalina Wei,2009-12-17
5d9f08e72877b208dad9135afec8b630ce41f81d,Fay Wang,2009-12-19
d8ef5c17921a5e410cfb1fe7bfd1670d1f3b5229,Richard G. Curtis,2009-12-21
781654af6044d7c3854d2e9d4ace73999081ba9d,Richard G. Curtis,2009-12-22
a0e001e40ad600372f16d5708f580fc101fec3c3,Catalina Wei,2009-12-23
d33884a90a43d7261e8bbc761295394ce9059df2,Milosz Tylenda,2009-12-27
5b7c20eacb99d974a48fcb6bc585ef6fd9f671d5,Milosz Tylenda,2010-01-01
e5d2bd435f0c0fe502ed21a7df97672406d225c9,Milosz Tylenda,2010-01-03
c6459391c8a8668cfc0ecd7ba7de95f7b0f956bd,Milosz Tylenda,2010-01-03
3320287392e035415d7867ac7312d9109d02306a,Fay Wang,2010-01-04
6710465b7c66b61222d7c034022a143c93586225,Donald Woods,2010-01-08
3065f2febb333b4680ccd5649ece87dc2592afa9,Donald Woods,2010-01-08
2331d205229f72e7526d03896b5fbdca16ffca2b,Fay Wang,2010-01-13
dad4ad195225eaa68e6e3bed942822f0ea86d434,Catalina Wei,2010-01-15
7b53696e6e5162debf7d48d0f02940f5df15239e,Pinaki Poddar,2010-01-15
e75d1c9c95348d07f20579f268664e0fd2f737c5,Donald Woods,2010-01-15
36e31ae445e15bc38fdc93bf1d887fb670eac1c5,Fay Wang,2010-01-18
a91f6d553e59d2c8a0f2c0b7ca4e4cedec33e9f6,Richard G. Curtis,2010-01-18
1049796100da5f1b082f026c73ae3bb19139dde1,Pinaki Poddar,2010-01-19
3bff9645033db9d990e80187a76b6de08e840aa8,Pinaki Poddar,2010-01-19
00c44aba43590c4e3f6dab5d71cbae433a13fdb9,Donald Woods,2010-01-19
9ea3fe08956adcf351ceaa6ca8fd8f7dfd4989e6,Donald Woods,2010-01-20
acafc94a5e539c4b0bd2a3913006cb32da303f67,Donald Woods,2010-01-20
ec8dba1465635ad5fdc8d993c73fa71616face71,Pinaki Poddar,2010-01-21
d299ac431108416d606549ec771ca5b5a26d78a6,Donald Woods,2010-01-22
31757064ca69e04e6169f19f4ea5e6bb22c60bcb,Donald Woods,2010-01-22
c15f473949ca72a972dc75f61c5f0b43a9dd1e9f,Fay Wang,2010-01-22
97496b0bd6fe8d7471c3b3495ecab01614b8dfd9,Milosz Tylenda,2010-01-31
a720a9c6f69baa0dd3bed4953fbb772b5a0a4915,Michael Dick,2010-02-03
31265de187e0f6ba913ec895ef9e3374f4ecea47,Fay Wang,2010-02-09
ad3cf2c68210d3ad53f71fdc3a5f9a543d12b748,Pinaki Poddar,2010-02-09
4a987190d99d77dd18878423280489367bd17397,Fay Wang,2010-02-10
f259a4ee1e12b5efe4435665a99f61bced7e8106,Donald Woods,2010-02-10
e603bdc5c8e4a2d8c0be197490f2e71a33fdc553,Patrick Linskey,2010-02-12
23341c871cc395924aa984976c725af06af84315,Patrick Linskey,2010-02-13
8cc89f96dcb353a3cbdd20cbca236b1b65f127c0,Milosz Tylenda,2010-02-14
ad106583e804914433e0ff9d3644b6e8894d821c,Pinaki Poddar,2010-02-16
d82add658d2dd767680978e038501895005a3eb3,Pinaki Poddar,2010-02-16
d037890f7410c1d3f96d87ad876726578b43c61c,Richard G. Curtis,2010-02-16
bdb1e5d6f2984ec3b7e5e6c84c9595bba25e693b,Pinaki Poddar,2010-02-18
c043302e1e6c90d2859ae5833f455a53a3c62bd8,Pinaki Poddar,2010-02-18
8df8d0234e473bdc930be9570e8e27e837dcbaeb,Milosz Tylenda,2010-02-18
4fb3371debaf3e20ebe4f63d1f4f89834d634681,Milosz Tylenda,2010-02-18
1a4362eb7e01c5ed9c03b5d3125a62b680c4c004,Kevin W. Sutter,2010-02-18
2c397e9306ee00217289167c0440da09aeac4ed4,Kevin W. Sutter,2010-02-18
fe2c9295f430082c84a541215cd8c14e1e1f6f14,Kevin W. Sutter,2010-02-18
a4c8f28e2cddda6d80a3e15d3e1be54cc2812bba,Milosz Tylenda,2010-02-19
127b7bec630ba2e6afa25aed7f56934ea52c186f,Kevin W. Sutter,2010-02-23
05e0669c0725cb01d125af9cc04032e2bc834990,Catalina Wei,2010-02-24
ea49b4cc6abcbf3cb38468a01df4187151fa5498,Fay Wang,2010-02-25
daae61a6f50a98dddaf649d919d2a46e55567802,Donald Woods,2010-02-25
9a4fe698c2a83698c301e0fe7635898c8b41a7a0,Donald Woods,2010-02-25
eca02573ba17e8e09bd0cf7120b87becd6f2646f,Richard G. Curtis,2010-02-26
42769bd9d801d129fbeda514ea32efbcafbcdab7,Donald Woods,2010-03-01
06e6582ab859de863a192f05665d59dfb6256448,Michael Dick,2010-03-02
3aea82e40c85ff6d653095a797b00a189681d64f,Donald Woods,2010-03-02
8248d81a683ff3a23cccfee3394e5784bdf14760,Fay Wang,2010-03-02
e71cd295fcb912db12fa9d51e3a451fc2ffa2859,Pinaki Poddar,2010-03-03
b9a230567ec725cd06f5c0db326572907f42ea52,Donald Woods,2010-03-06
b01f5718f9ee88246f3f771c7b63306802732ce7,Milosz Tylenda,2010-03-07
045eb544de1a22761d7aa35b9da7571be21bc37e,Donald Woods,2010-03-08
97cd88adc357a99b97c27d0074a8fec46adee7a5,Donald Woods,2010-03-08
1873fcd3685125c77025e0015ea0dbfbc4fc2818,Donald Woods,2010-03-08
82694335ddfd450d60b34744a5345bebd99d992e,Donald Woods,2010-03-08
dbe6745966ccd57b016ce50743abe43d918a83b9,Donald Woods,2010-03-08
4190dcc04aa2b7b6d03638ccdf44c4ff36e03293,Donald Woods,2010-03-09
4cc1f6478e6dd6d130ab3b2471918e386d0ac864,Donald Woods,2010-03-09
4c2f53856e7d886d7fd75baf4ac8887b0a520359,Donald Woods,2010-03-09
f50f847e97433bc508b5eff7c8e65e036a3ab354,Donald Woods,2010-03-09
8599f5290a6a5b9e83c275cdf8b97fce881d7072,Donald Woods,2010-03-09
695bd9c4bf3b1e71db0da472d351a8d5806d5529,Donald Woods,2010-03-09
f82184314ec6a914ce5ca9c3b8fbfa9cab31e276,Donald Woods,2010-03-09
2798b0dd7304466fea04bff576188ea23ef7e05b,Fay Wang,2010-03-10
4be5a5a194e541059709c9efcdd07c26990ab673,Pinaki Poddar,2010-03-12
f04031edc128146bb7cfa52e072affb904930a43,Pinaki Poddar,2010-03-12
6503eabef5327eaf3c20965d75ad086c3c4480dd,Catalina Wei,2010-03-12
7c748e62df7235c4030e9b936759b0108ddc5c81,Donald Woods,2010-03-12
d69fb9a65af2ef739981033a7e755f6b6bde7e2f,Fay Wang,2010-03-14
8f236c2aeb8ccdda45cb28505c81fa311c96541e,Milosz Tylenda,2010-03-14
f05db496429bd707bca88ba53758c7028913da90,Milosz Tylenda,2010-03-14
d1b0d0fd6d376a381a0e7b6fd0f87b5222a86c69,Pinaki Poddar,2010-03-15
efa6e5428e6354c83825cb038dd1cf9ecfd8364f,Pinaki Poddar,2010-03-15
9c09bc3728e1f57ebb27f7c9995ea2b3b1c64a79,Milosz Tylenda,2010-03-15
a5ca9aae2d5160fb463bd7a619e999732d222f31,Catalina Wei,2010-03-16
845f9b50187f2a14ceb3826561945edb8742988e,Pinaki Poddar,2010-03-16
6d87bbdbb0d3571cf0e28f77273b1aab0cc79a2d,Jeremy Bauer,2010-03-16
f3b00d780109213bcef19166ae5d1894cab84c9f,Pinaki Poddar,2010-03-16
a99ea6218f5898e37e8a6965f812976bd3362b7e,Donald Woods,2010-03-16
992ba73a7156efe8349639adcec7e714b359b99a,Pinaki Poddar,2010-03-16
e56be85085acfc32977ddd3dc1bbb63c2f7ebd71,Donald Woods,2010-03-16
db7390af622f9ac2efa56dc31f03e57904aeaa9b,Milosz Tylenda,2010-03-16
6bc5ff8d3ca092a8e590915f56d47d84576020d1,Milosz Tylenda,2010-03-16
4bff5d71e8219ea5f94437d146294130d86fa270,Donald Woods,2010-03-16
d386fa80679a41fad7b7cf5b6396f465d4d59ec5,Milosz Tylenda,2010-03-16
3b15fe9e2d66895dbdb2d722ebcae175b98817c2,Milosz Tylenda,2010-03-16
41ce320cc0436552a0d90dd53ba8e875680e5225,Fay Wang,2010-03-17
04bb0664750212b332720e87b5f273310a8ed1f6,Jeremy Bauer,2010-03-17
1b20902b507ca7e7209132297266968a92e0d472,Pinaki Poddar,2010-03-18
cb895a2b25db52ebe4527a8845cf5a973dd9d54b,Pinaki Poddar,2010-03-18
4f11cba18a9009cb6e187df080358c3758c5006b,Pinaki Poddar,2010-03-18
bd9b59c90f575b71a7167b48fadfb35ffa61449a,Michael Dick,2010-03-18
8c1175054f028ef00d219c054b66fd6634eca020,Pinaki Poddar,2010-03-18
c864f5dfc024d01052d59f0f6f9fd1ab5c0c2710,Jeremy Bauer,2010-03-18
13e3c48caea0c7c8125b72f398f6443ce231902f,Fay Wang,2010-03-19
4f9de8e360c8fcb2dda9100c01b2761a3ec21f5c,Donald Woods,2010-03-19
e6fc6fab0a4f45c81db5ffc8e2c3bcf76e1478ee,Albert Lee,2010-03-19
773eefc3135294aa18d1122483e8a1d1b82f0c53,Donald Woods,2010-03-22
28d495e14b0bf223709c6c999132237cbc6b3c05,Donald Woods,2010-03-22
86546e1e12ef3eea9bb9bf50ead0a575e299aa44,Donald Woods,2010-03-22
73f1a0869ea27f2a7a7ffe9a87b2d97ae91ccf5d,Donald Woods,2010-03-23
53dddbeb8f0468a1f0728cd3e08a7d9d9cd1c701,Fay Wang,2010-03-23
666ec6c6de38ba34062205f7d26913720eba8fa2,Michael Dick,2010-03-25
048ffd924d61e9a7b5e90df207900ad325ad2bbb,Albert Lee,2010-03-25
0010c931cf1aca125dfba3e1b581acdce934e1cf,Albert Lee,2010-03-25
db11713e8cbace63e5f56c0030e288a3796a64b8,Pinaki Poddar,2010-04-08
33e8df53bd3ea521634391064139938a0058364b,Donald Woods,2010-04-10
dab906385e2723423d5b9c243457ed2befc034cb,Donald Woods,2010-04-10
f90b0bb16fbc181b56c7e256de771bf6f21a0d7b,Richard G. Curtis,2010-04-14
8a034d671755a672ce2c77af3830c97c1216b5b7,Fay Wang,2010-04-14
1ddfdcef963583c0b085494bdfb74325f9991a8b,Richard G. Curtis,2010-04-14
5de5b5136f764f222ba099ebb7f9e2ba22814c43,Jeremy Bauer,2010-04-15
7425ffca2dddbbe1bcc9b6a7f075e294b8948f2c,Jeremy Bauer,2010-04-22
7851202ec6cadd5e38745bcea4dcfb224979a78d,Michael Dick,2010-04-27
ee299cc0bd0942ef8da2156c36e342a443bb46a0,Richard G. Curtis,2010-05-03
c7addd5f51598dc111e89db16160c912e159c132,Pinaki Poddar,2010-05-05
7bd2b4ae49b25d040313dd17d2fbce9be74c3378,Pinaki Poddar,2010-05-05
cb77af09f2a73e30e00f0b12d23169fff1e0f003,Pinaki Poddar,2010-05-10
85ba2eada3ffc4eeba3ed8e913ccfee560d6b006,Pinaki Poddar,2010-05-11
5903f31e690d02f9824dff400e9fd2763c41ded8,Richard G. Curtis,2010-05-12
1c01e8da2a9d37f885b7693b2e758608c04bd10f,Richard G. Curtis,2010-05-19
18dd7e8542ca5e97f2e9d7b54495018c8864e5b9,Milosz Tylenda,2010-05-21
f03598fe592eb44ecace70cd2dfe7bfd79115adb,Pinaki Poddar,2010-06-05
9d33fe34b8cf330a330c7d70162c23f16fdc436c,Jeremy Bauer,2010-06-08
a873065db7f3b9190ff47a88bff1b2cbce3d3e89,Pinaki Poddar,2010-06-09
d31ec1274b31746e171c5b31a6a038c30991c24e,Pinaki Poddar,2010-06-09
10a056a073bb2ddee279a13feac2ea6d3a7efcbe,Pinaki Poddar,2010-06-09
939f644e775bcf6686d4e8514069799bd1fe2b02,Pinaki Poddar,2010-06-09
323ebee840e6274e3023ce20417c13dc738c6d2d,Michael Dick,2010-06-09
6b38f0cb8eb9362b103b33c1f1b646876f872a92,Michael Dick,2010-06-10
59c7001e09e34a7394eb534ec88bc1975b2120d6,Pinaki Poddar,2010-06-11
ea8dc8b630305acd9e680744c486eff12afb1ba8,Richard G. Curtis,2010-06-11
3905b52a90c1eebe7d95105a0043c684dfb0698b,Richard G. Curtis,2010-06-11
493bfe0e1426297ec4dee448bd10232529722c22,Catalina Wei,2010-06-12
15d2f36ab01c7af3124c9b19dcc65d100df191cf,Richard G. Curtis,2010-06-14
2d21d726ab41b3e80b3326c41e9e9bfe9523c8d6,Pinaki Poddar,2010-06-15
3865aedfaa85d4d0be8f0699ccf169723ce90240,Pinaki Poddar,2010-06-15
14cfcaa3ccf7b4229f1745b53e0b976e3aab250e,Richard G. Curtis,2010-06-15
703bd8db8a82c09051e5c453bd5c849bc532b556,Richard G. Curtis,2010-06-15
152e5d2d4fc50e8d8d946efff95c09c513b7fbe4,Michael Dick,2010-06-15
efa71484df0c6cbda33b62d9c181e2d31f30ee8b,Ravi Prakash Palacherla,2010-06-15
7028247229f380be43d34038f877eeae31a657fe,Michael Dick,2010-06-16
a79a96b86c79d9a7105d6c439a641888572f6284,Pinaki Poddar,2010-06-17
dbaf9fa67e33844e0b5379a01cc70020fd82f87f,Catalina Wei,2010-06-17
a7c61414caff614cc33c664357f93394ca8f1744,Richard G. Curtis,2010-06-22
e372349aebf983e07dc6509861e885fb294e9e16,Jeremy Bauer,2010-06-24
4d5d3a6aedc9385afcf95ced83ef0b71843b38e3,Albert Lee,2010-06-30
5668a18ec0a54730824d60d3a97a0c3031d4fda6,Michael Dick,2010-07-06
17246f5ff28123fb24069b3f3e6f2c3a5d8be81c,Richard G. Curtis,2010-07-06
961e957be0797037c474bd60865bc443f5b5fc22,Richard G. Curtis,2010-07-07
5ad6624b531aa73a595680e8d53cd1da2b432b7e,Catalina Wei,2010-07-11
f03b417d416e292e9ba4f99632e10a137583f8ae,Michael Dick,2010-07-12
d5e876372dc1974dcf597820f811139d1f294bb6,Richard G. Curtis,2010-07-13
512122c4bafdd3ff036f06e0fd79d67b694bd2e9,Dianne E. Richards,2010-07-13
d899ba81075c96cd6a46b724e49e3bcc72697b25,Richard G. Curtis,2010-07-14
aec144cdfaf909826b7d9bc6f5d6e2aa4d93a6a0,Dianne E. Richards,2010-07-16
84d5a659b4f065113322c4f8417d0ce16ac0356a,Donald Woods,2010-07-21
ebd30a7cc7a59f78a25aea3161f7cc11bedef084,Michael Dick,2010-07-22
e65477c9fa66bb97ec4a09d41d17345f04a59980,Michael Dick,2010-07-22
30ccdd8dab561bb535878f397a8f959a0a46565f,Michael Dick,2010-07-22
459dddcd5946f45baf0a74bc1dfafd795a6d1494,Donald Woods,2010-07-22
6d8b5782c9cb1f75bbe6d9c483e4f1b54f8207c7,Catalina Wei,2010-07-22
4c92537fb5856d029a524c4e7842e1c63751077c,Michael Dick,2010-07-23
a4038dadefbec53535ba84713b32e01706f25a77,Catalina Wei,2010-07-26
40e05de74205a5a8b5cafdc0d8f1cffc9223dd95,Pinaki Poddar,2010-07-26
a18edf3f92670bc100eefed84523009052db4cbd,Pinaki Poddar,2010-07-26
e97e42b3eb5a3297f60e4c9a816d8dff8a8f9359,Michael Dick,2010-07-28
4dcca875006e4e2c0a91a6d9e961617f34a69898,Richard G. Curtis,2010-07-30
bb7c9b2fd8cc0077cdde85e6cf595c2b54d611c0,Richard G. Curtis,2010-08-02
e65737308ba646ba29eb741983d691ccb6b0f944,Richard G. Curtis,2010-08-02
a6cfb6c8482907e4ae240b2515a814792be3e06e,Michael Dick,2010-08-11
319ba414835f6b2826905739eaaa9958fd583ede,Richard G. Curtis,2010-08-12
3750cd1f6da5cf46aa793781223daec2eefda26d,Catalina Wei,2010-08-18
63a24dc7bbd3a99be2d750b5e05303f78e48f6ce,Richard G. Curtis,2010-08-18
3b20d750e73919118acd035b194cbe9ad64e7fc2,Richard G. Curtis,2010-08-19
833520766fb60b735687ad60f1564c76d04edf1c,Catalina Wei,2010-08-20
c000f0bf624e41e7f9681831a2656e02106e96c1,Catalina Wei,2010-08-20
93c0bbea8feb8449956dd5af2799c4efb70cb8f5,Catalina Wei,2010-08-21
b3c9553f5902ef8eec6a6891bc80fdc87e908167,Michael Dick,2010-08-23
acef04f0f637756a63ec4cb532f695cbbffb2974,Michael Dick,2010-08-23
9c25bd16339a2421edb24713dae2b2b9e9998f14,Fay Wang,2010-09-09
00b99e267f6a47f249961ba9aa7281d84235237c,Donald Woods,2010-09-09
35205c46acdd25acd7370837bb72baab900f5bcd,Fay Wang,2010-09-10
a093e9daa6f01385758993501e155f837ac6b524,Michael Dick,2010-09-16
c1b941f3d16b8d0fa4e9388c236484d42aea2438,Michael Dick,2010-09-16
b76ab3884e1bb57e9b066d06ea516455d2de01b2,Donald Woods,2010-09-21
9b105a2f00e451e190defd033c70271020de034d,Jeremy Bauer,2010-09-21
cccd4c799d683d9beb78e9ed87c4974ca2b8306c,Donald Woods,2010-09-22
474c1b60c9363028ab9e23edbdd546115732de1b,Michael Dick,2010-09-23
d079a88733e4f492fd7a8ebe3841c444dd3561d7,Donald Woods,2010-09-23
cde2a4aaf278bc552f81158a6a573d15b775369c,Catalina Wei,2010-09-29
a4080f46f5aa1b420e4910209fc0eb737624dba8,Fay Wang,2010-10-01
5a98879567c0288cd1117aa0b177091fa14706bc,Milosz Tylenda,2010-10-03
54bef663e7d9f8ddec9e5434ca1162b09662bcab,Richard G. Curtis,2010-10-05
b62b8fc920a056c5f259fa65322433f277ddc106,Richard G. Curtis,2010-10-11
739ee54c198fc0a284156f40299e906b2b74db03,Donald Woods,2010-10-11
0bcdb27e8fc9d3f011e60a75ee570a04fe3e2a10,Donald Woods,2010-10-12
be183a3a94d5c1add4496473a57f5334dacc54ec,Donald Woods,2010-10-12
fdf58d63ba0f7bf1c844e4b5da3fb904b90cf546,Albert Lee,2010-10-18
75bbc90899fb644387e7cba5c5c77e5e5adc8de3,Fay Wang,2010-10-19
c9bad3efcd992737adbd3df6db91b11794a1228a,Jeremy Bauer,2010-10-25
7c377a90434f30c555a60bf2d9f5345d798b8bd2,Richard G. Curtis,2010-10-27
54234f6102364783f1349338fd606269409ba367,Pinaki Poddar,2010-10-28
f946f8383bc3ca287f8711a486c057d5aee082e9,Michael Dick,2010-11-04
a09a2b58560ab91c2ef526ec0f10f9adcb321a35,Michael Dick,2010-11-04
ad98d444e1f43922ac61a25ae57bd7ccddfc6178,Fay Wang,2010-11-04
6d423c5b6b04f683b545d2890f0d74b785f44be5,Michael Dick,2010-11-05
3c52abb73d84b4951c1db8e401583975f7d3793b,Michael Dick,2010-11-08
dcaa2177c6f89620b373823803adb7c819436e07,Fay Wang,2010-11-17
73cd30152044f4fc56f25eb4b64529983dc9b0a1,Richard G. Curtis,2010-11-19
8cfea1bd5f95cb05caebcecec0333ddd29912302,Richard G. Curtis,2010-11-19
d12209163ebb77899629394ad563cdbe19c1fff7,Fay Wang,2010-11-22
a0907bfc3f6f58fe6dfc09557934166a9d51cda5,Michael Dick,2010-11-23
4a5f766a0cb2cf9a3edf5c1f526b3dcf2746928e,Fay Wang,2010-11-29
502e997b9ca45fd380090e4659e75e9486ccc965,Michael Dick,2010-11-30
8c2b69d63f0a99c0c70ff0554e0d4978e79119c7,Michael Dick,2010-11-30
ccc81f0ab872b8f78106e8ba1f8d95453be7c8da,Pinaki Poddar,2010-12-07
3de119f57a62ecdb6886cde2476232f7f12d4f86,Jody Grassel,2010-12-13
b6024187bad23df193afcfdb1fcdf0e247641642,Richard G. Curtis,2010-12-16
a927273cf98f33d57ccac0de89d84dbefd7c90e6,Richard G. Curtis,2010-12-16
caeb66ab25f06be62007e086b38b6d03f1eb5a3c,Richard G. Curtis,2010-12-22
c39cd993fa0927b1efffa286f324959258fa79ae,Fay Wang,2011-01-03
933da55ce52a5cc0c5cd01d53244e02a9a59b9a5,Richard G. Curtis,2011-01-04
7b97c4b91f05b928e7ee73a99a76ecf503514947,Michael Dick,2011-01-07
04b1abb0393fe8f7186b507650b5bd279576bc9b,Richard G. Curtis,2011-01-10
c8b5c8350e2d8d7dbee3e338f9ec8f4966c5f68d,Richard G. Curtis,2011-01-11
28a0c0da8639543ae859bcf53c576cbaa21f2d72,Pinaki Poddar,2011-01-17
01c9608fe69bfb03ef40fcdb9c5a621346a3a003,Pinaki Poddar,2011-01-17
891ccc625c6126e7d2b9a50be5d468927151b74b,Michael Dick,2011-02-16
0c37fc6e5744a8d84d9d343ac29323844f682b6e,Albert Lee,2011-02-18
b44614d94b13f90d879aff00d0c8bd62f368529f,Michael Dick,2011-02-21
c54b8ca82374c9b0626a2d28c0610ecb9b77496d,Michael Dick,2011-02-22
e0a0050e7bec8032ec0160bdf3c955b1e437737c,Milosz Tylenda,2011-02-27
887f8977ed6deb68f835fbd02cbb3747fd03aad2,Richard G. Curtis,2011-03-02
e6421a4118cfff6ebdd2dccdc31d2a5d4e023d11,Michael Dick,2011-03-02
2e0d69141fc379ce39cad71fabf4e4c5a44d01a2,Milosz Tylenda,2011-03-07
1d889e3e506fa3f203a9a8559a018f07e4212ea5,Milosz Tylenda,2011-03-07
0022b991ab84c0425663eb6475c6c2c75dcae0f2,Milosz Tylenda,2011-03-07
2dbbe70692adfb38d05ce040768db02ff65fbc16,Michael Dick,2011-03-09
6fdcebd67367fb1dc9d7d50362bfbce35a0b54ac,Jeremy Bauer,2011-03-11
6309bff2f013f3b187a9aadec1c29e450c8a1596,Michael Dick,2011-03-12
c87edf80497062d096d5441effb7a1164e673675,Michael Dick,2011-03-12
d3d944ccd28095b9fbaa6368979b5a064fc9e744,Michael Dick,2011-03-12
621c52065eaac92fd989ff33e0d8fe72b567096c,Milosz Tylenda,2011-03-13
0971bd301c73bcc82215ecf4d9e18a9908ee5d34,Jeremy Bauer,2011-03-16
2cfb4f62322444507f19bb79477fa5c85a2e78c3,Richard G. Curtis,2011-03-22
7eb317e488993e2f6e0acdd7843abb4833181b2e,Richard G. Curtis,2011-03-22
9b5fa5152acd4cd77520b36e06bdfb58d8f3cf64,Richard G. Curtis,2011-03-22
f10e349f7c356291d32173541c3936e0253243b8,Albert Lee,2011-03-29
fd197214a922428f79f9b512e9fc4c144d0724f8,Albert Lee,2011-03-30
20b66ce0df3c68e9d0e32fcf4c2018fe25566215,Albert Lee,2011-03-30
2d232cf4c0f6aaa33dc911610ee098cab0320dbb,Richard G. Curtis,2011-04-05
985a59afbdfcc7ce59b712f807e5751407483d80,Michael Dick,2011-04-07
8544f5da4a76c60f34097b3073d4b7ed4813ff80,Michael Dick,2011-04-11
d5e20c4a115bf69a48adb29e7791f56f82993579,Michael Dick,2011-04-14
354eb3078e363ab26da64fbea06bd24d5a1af8de,Richard G. Curtis,2011-04-20
045818b05df6886bb4176bb4878007e8f40e92a6,Richard G. Curtis,2011-04-21
9ea0354f1bfdf56f0f6a052406edaefebe5fb3b8,Albert Lee,2011-04-26
69fd9dbad901302a1e4ae5d9515068a1fce1bb37,Michael Dick,2011-04-27
1b8ce008b291714ce06a217d607d9ad8c8e8d279,Richard G. Curtis,2011-04-27
d450910b0a1fb73ab73067d20500be53f3c4323c,Richard G. Curtis,2011-04-28
849a77b5d3c2eb5281e9d5f0ec24b715e68fc507,Michael Dick,2011-05-05
6fc7d55a09c87112d2ade2f451c0c11947f9fab0,Jody Grassel,2011-05-06
26aa776627e84f62767d689f3f71941a51687602,Michael Dick,2011-05-08
c159730005aee494d916063b947970eea0179899,Michael Dick,2011-05-10
1148ba809d4756b67703fffb6234605cd287b50d,Michael Dick,2011-05-10
1125b86310b7c08efb2b524633acec52840093e1,Michael Dick,2011-05-10
aa88b32b06ec37c1b618d3e4c2d552b852a0b1b5,Michael Dick,2011-05-10
862e818e5058f5e898374b1e49fc8e27287b2bc0,Richard G. Curtis,2011-05-11
64bd51ea04c186b80a03cd3fb8ceb6f808ef659d,Jody Grassel,2011-05-11
81c46c503f5efccc4b3724c2c0ea2a19eb93db4a,Jeremy Bauer,2011-05-25
7b0d1140ac54eb910fa00adf7b2e483a336df41d,Jeremy Bauer,2011-05-25
dcf90c68eb5796aba5299aaee498953fa4340fec,Michael Dick,2011-05-26
50bfa5d2618540b4fd5a033ae4ffe8f1d3160305,Jeremy Bauer,2011-05-26
b6f39e246dc366cbecdf1d980feca79c05e758a5,Jeremy Bauer,2011-05-26
0bcded74e124d14ddd505823ac0ad479b90ac8fb,Michael Dick,2011-06-08
8ef3f3db35c2d6464ee28721690ff0b6f5ba55e8,Michael Dick,2011-06-09
b9e61a892316696551ff6b3c9a31cf119c6156ec,Michael Dick,2011-06-09
41f09d9226c005a127e20be7609322ffd77584aa,Pinaki Poddar,2011-06-14
27e0e704adafd18b6056e6f1b886b202d7e36e69,Michael Dick,2011-06-20
3a2d50e0114aa180d9b2d31bde16ddf943f5c13a,Michael Dick,2011-06-27
928aa703cba0e665bee997ba2b05703905bd0890,Michael Dick,2011-07-06
ff4dc0c5cece716f812c2e2c36979b3756492bd2,Michael Dick,2011-07-06
eb4e83fa27f461c8e919bd13dc168401b7ee7400,Michael Dick,2011-07-21
9a974626fda5a929d680eafa34d53baebe520774,Michael Dick,2011-07-22
4412599698c8223bb71d1eeb455c1307ae0e00a3,Michael Dick,2011-07-28
eb7fb7421fbfbd5e4e440c03472d113e7db3f6de,Michael Dick,2011-08-10
42099529a25c8a49622f332a7db208af9352e327,Richard G. Curtis,2011-08-15
e03262481396bc5246ef21e50234a84cd2085764,Richard G. Curtis,2011-08-15
ea499a8ed6331f519ec492dfab5618e7e7155dc4,Richard G. Curtis,2011-08-16
dbf066de8e47f5c2beeb2768b200abd7aef7a377,Milosz Tylenda,2011-08-21
e400abcef5f9368e384f056c4ff41efcff7cf303,Jody Grassel,2011-09-08
2c80991f6a86405811dd5a02eb8032bf67dfbcda,Michael Dick,2011-09-15
236f409a91ba4423f6ea27045009f29877469c9d,Jeremy Bauer,2011-09-29
59684e480e757270e547b00a29157e4404466a66,Milosz Tylenda,2011-10-09
ccc61a5450ce5301be20b7db828ea1a92b6d8658,Milosz Tylenda,2011-10-09
b5859a740b3d3245654841a9c2b9d142e1d2457a,Milosz Tylenda,2011-10-09
c7c8eb2fc12418914e432b1744f4c5fded54b157,Kevin W. Sutter,2011-10-12
c8a84fd37d9077bed999d104751face7d39a01bb,Heath Thomann,2011-10-20
201701459ab6a3fa8fd715700855f11e756436cf,Ravi Prakash Palacherla,2011-10-27
8d21608618f0a8c626cb1beaccfd17d2a416cef0,Pinaki Poddar,2011-10-29
c66d5e1688d13c9be3c039733c192160bc064402,Albert Lee,2011-10-30
8a72661ea0751c25bd9adf028a41570bddd22feb,Richard G. Curtis,2011-11-05
78d12c9b0a07399b14adc25a0ddf296eaf9f516e,Mark Struberg,2011-12-07
4bffcc9c9a3786f3aeb0a7a386ded3bdf25decf1,Mark Struberg,2011-12-08
1a383857ff1c9c3e8de4f61cc1fda4ff6494d534,Jody Grassel,2011-12-13
b2af30891db8bbfd85f1fff67d21efccdba943eb,Jody Grassel,2011-12-14
6369c744bdbb4c72fca8ec0c276dffcd6be9e752,Donald Woods,2012-01-03
59d0a5262bcd64b577cbdf815e530a3fdc67dac7,Heath Thomann,2012-01-04
d354f7cf847d7f346bdc9bd98da690c21277eb0e,Richard G. Curtis,2012-01-13
11dc47c80ab3883b2da6eabd38d3af6130239fc7,Albert Lee,2012-01-27
ad41647b999b239e7e7add88210ca20b1e0f6bf1,Albert Lee,2012-01-27
52ea95686b7febacae7782817901faa54c120beb,Jody Grassel,2012-02-03
f9cf3b7919546dda9bcf62c140022b8fbca831fc,Jeremy Bauer,2012-02-09
6599b7b403fecc75ec7b3fb2bfd0b51bcfa6cdb8,Richard G. Curtis,2012-02-21
5f5b20f523e070e3f1464842738bc2450b73d967,Albert Lee,2012-02-27
8971fda1aaf23b1057b1fe20fab940411bd432c3,Jody Grassel,2012-02-28
e07b3ce3cf63fff17b06c6a6289a52ae40d0f62e,Heath Thomann,2012-03-01
f94fb7f727fa9f4773ef682ea87ee6bb74af9256,Dianne E. Richards,2012-03-09
b68cf1d0fbebcc08561fbdd4d32d4d11ae6f0c73,Albert Lee,2012-03-10
ca7918e88c50bf2f9e120759c596ace7b70c445c,Albert Lee,2012-03-12
7063dd52967a0c8532624e4e0ae849a0be39b81f,Richard G. Curtis,2012-03-16
1925881f5d7a48764db727f30a947623c823df36,Richard G. Curtis,2012-03-21
3d04bdd463e3e85a02d0c7be1acfd72a1ce17f03,Richard G. Curtis,2012-03-25
b2cc17c13581839173dae4986ba1005bedf6f454,Richard G. Curtis,2012-03-28
f506835fa810c177c8c93a7d0ef24d05570b21fe,Albert Lee,2012-03-28
284b6e5ceda27eb678399930bc49e028e2e2a39b,Albert Lee,2012-03-29
42372cf6094fa8e32ad9dd31d1bc79a839f45ba4,Albert Lee,2012-03-29
e9ab0d7cec9e81fae5423cb4b4f3a0a209a51dc6,Albert Lee,2012-03-30
06742412b3b8caae014f9044afdccddd445dd254,Albert Lee,2012-04-04
3bfaadf1c10169e7ca7fbc23719b044b6a64d1a2,Albert Lee,2012-04-11
b7bd2c873dd8bf84fb94ced1528e4c09ebc46249,Richard G. Curtis,2012-04-11
8ac15ebf931b481cd37c8828ef7c36c2a01448aa,Kevin W. Sutter,2012-04-13
aac116c904fb66ab33c8e7d72630cd3ad549bb49,Mark Struberg,2012-04-26
432499a3a69acdd985b321fd9ef3101430fa7b54,Richard G. Curtis,2012-05-02
8c8e250f402125bcf6a05ef696e33db5417371dd,Jody Grassel,2012-05-04
ae9e05b9c7c742f7f5640f5f9fbfa090b9e6b0ba,Richard G. Curtis,2012-05-11
32d2a850110157fb9e29e38ea1a957d1747e3852,Richard G. Curtis,2012-05-12
61b023c7842ba0cdde6305f1be742f773d0f3b84,Mark Struberg,2012-05-17
901c70e1d6a726c769fc08d80422126591b0f9ad,Albert Lee,2012-05-18
11cd0d5fd417abc6fff78bc52b124968cebab4f3,Heath Thomann,2012-05-31
ebe06fdf352a63c3152874b3efdc4960108cf3b5,Heath Thomann,2012-05-31
5fb9e7172681211588a526257d8c5a1bb5111530,Heath Thomann,2012-05-31
f30d74802dfec7a0148ca0e98993a2d7495f1085,Albert Lee,2012-07-13
a42c9c280a2834dae7e70b4c3f06e4d7ccd644d0,Richard G. Curtis,2012-07-14
4b04ef53cfa5769f9a32cd90808f17a5bb06a1f0,Richard G. Curtis,2012-07-17
5afd4e851bb1fe56de5b1b546abecd799d036ad7,Richard G. Curtis,2012-07-23
654f835222f35902c73fab791b5bccc8e6289e14,Albert Lee,2012-07-25
5c05a69ce6f371616dfb049fc1c996260b10a394,Jody Grassel,2012-07-30
bcda87c67b6e35d3236e04c0bc699da6f6d5022f,Richard G. Curtis,2012-08-02
a55000a4be3385fa71d556a5a53e84a0638b6d8c,Richard G. Curtis,2012-08-03
2683a0227ad661119c1084aa2372434f40654f10,Richard G. Curtis,2012-08-03
3e787f7fe35c262388a4ac10399fd6e76a758de5,Richard G. Curtis,2012-08-06
4f930b1c29d0dc2502e640e97ea5c0bce03b8086,Albert Lee,2012-08-08
9e9b0a7ae3ea25e999bbaa7bf4f16afa0147404b,Jody Grassel,2012-08-23
bc29ef104d0494a08c348a58141760a51f18f534,Albert Lee,2012-09-01
512520f7fb764b406aa3fc3dd298dbf63ec7eb58,Albert Lee,2012-09-05
1952ecd460306fb0539ee6b947d6d07fd84e9bfc,Kevin W. Sutter,2012-09-06
ef2065122aec54bdee276b4e7f3777c94748826e,Jody Grassel,2012-09-10
e9a6d6681d59750c438ddf384e23b8f28d971085,Jody Grassel,2012-09-11
556d796ed38799a7c99d550ba4d79d26a5933abc,Pinaki Poddar,2012-09-12
ae3441b049f60168e8abec0ef5988c0ba6265df7,Pinaki Poddar,2012-09-12
0ae1199283814bd7ed3e8bd1f317f3a38b23dfb8,Pinaki Poddar,2012-09-12
e424097b564273b807f0637056ea244c40a125c3,Richard G. Curtis,2012-09-27
fd4ca960502967429a242bbdbb51abd778346899,Richard G. Curtis,2012-09-27
a06d373573b5e12ba309ef9e6137ee4e759eae5e,Albert Lee,2012-10-02
9f128e3286913f04597b9263c5d2559361138442,Richard G. Curtis,2012-10-02
3a6ffd834f9ee2b94daa2e56514fd5aae9d93a3e,Richard G. Curtis,2012-10-02
94969374f623a82a8d659b763b2c987d2b1c3d79,Richard G. Curtis,2012-10-09
e5f91d12b425a7ab23fedb49101e65a027a6731d,Richard G. Curtis,2012-10-09
89b44bbf6c6a3f6554b5ac7338ae841c96e17de7,Jody Grassel,2012-11-27
7d897d94ce41035bd8b8d1dca47d6bebd4243e0b,Heath Thomann,2012-11-30
9fa9ef4fe825bf29c480303c169413ab997e5707,Heath Thomann,2012-11-30
2d5ab5c862737cf13c6a77bee4924dd959e8b941,Heath Thomann,2012-11-30
88cc847a1cd2d4fb4f91b88b4de5a91c4b39228e,Pinaki Poddar,2012-12-04
f17a08fee4571887c380e92af6fb8dd0b494560d,Pinaki Poddar,2012-12-11
bded0a42b6a490a6cc80bc69a221f7ba7cd1b877,Heath Thomann,2012-12-27
56925f515ffb13f6b9d2f242afe5d37fae49508e,Heath Thomann,2012-12-28
0ca38be72735a1b9340a519f46f9d969b6c4bf5d,Pinaki Poddar,2013-01-08
5b21125f5ee4b57cb8285e874e3c9724bd6e2c4c,Pinaki Poddar,2013-01-10
7ce7e556207f545a7bd688d4d8491a3021fa3aac,Pinaki Poddar,2013-02-19
4fbf3fc1f0a0431d29765d041e74756f319bc3fe,Pinaki Poddar,2013-02-19
fd5cc0436cfdf426304a07cf950609094b46d8f4,Richard G. Curtis,2013-02-19
5632d5ab0abf661ba00e903ef740efc459c6a8fb,Richard G. Curtis,2013-02-21
326fcd7a4c930f6f4da3102e3ed24ed770d74134,Richard G. Curtis,2013-02-21
e966f0f51c8c00bbaddbae9398e2952643e9af09,Pinaki Poddar,2013-03-20
c9fa4b9bda45d0cb50274c8075a780b98b5951d4,Richard G. Curtis,2013-03-26
5c1421cf09d4628064510e6b29c485a749b5f574,Pinaki Poddar,2013-03-27
2e996c9918ec5b18fcf05d0ef5faa1690a0369f9,Kevin W. Sutter,2013-04-15
96751867c9dd063df97478c0ab759372dfd235d2,Kevin W. Sutter,2013-04-16
8b75df3c9bf992d5b93cb2c5f0e81470860eaa1f,Helen Xu,2013-04-16
5ce1ec400e2e3d47b999ebe1347b985bdff34cd2,Helen Xu,2013-04-23
937aad666bcf696fdd5e47c281b09e527f721881,Albert Lee,2013-05-14
123e28821e0f7a9850ae1d08b3934502b5030429,Albert Lee,2013-06-24
c7b4e05b1e98796917b2a67ca87f582a292d13c8,Albert Lee,2013-06-24
e406bda450a1f3b78836153a5a34882c823101b1,Jody Grassel,2013-07-01
8cb451d1dfefe4f4d67332cd055310cf29b0b3a8,Michael Dick,2013-07-10
1b1b60c9a7d63268dc26c1ff5dc601a352cee1c9,Jody Grassel,2013-07-10
92c4369aa18417e448ac980c0cd5de83a2b4831f,Jody Grassel,2013-07-19
ca76712e3875051422c4d121bb5008f81cfd3f61,Jeremy Bauer,2013-07-23
2841d18dda10cd57ffbff878980d15cc869fed2c,Pinaki Poddar,2013-08-16
1896a2850ca9721c5c00f76cfedceb7441df5651,Pinaki Poddar,2013-08-16
7a9815a15f13a9ea818d086fa94842a3fa3b1f95,Heath Thomann,2013-08-27
a3fccb40e3f0e3708932f13e99fc52596eac592e,Jody Grassel,2013-09-27
35c91eef22c711ca193954104be9ce3ba2065f39,Mark Struberg,2013-10-17
bb743b5f156b08aa750305b9e1a94369f90b1a0f,Heath Thomann,2013-10-17
83dab92168a533f757bcce390661a09a595b94a2,Heath Thomann,2013-10-18
67082453b32d1bc11309f3c45ae1ce1bb2f8e281,Mark Struberg,2013-10-18
c428609da75df0ca7bc5dfd7727ef6c4ebc99bb6,Mark Struberg,2013-10-25
9da79359463d72a0c68087ae0b3c77e6fe8124cc,Mark Struberg,2013-10-25
a28818b7d55ab8eed5e2440c03c63eed4419761c,Albert Lee,2013-10-26
092e70e0ac381227bcf55974000a48203cecd980,Mark Struberg,2013-10-28
f4b2428008de297a7f993f48e1a6c98761c078f3,Mark Struberg,2013-10-29
9ce4d50169cdb45788e3ce67c5118c4a86ff7776,Richard G. Curtis,2013-12-17
d0a311efe0e6a5318f5755db8c3bea460f6a3f00,Richard G. Curtis,2013-12-17
bf646350eac65b7ccd9e68031c8e5bc228f5a121,Richard G. Curtis,2014-01-15
0527c4570d0bdf444350fb12262b738ee6f61b2e,Richard G. Curtis,2014-02-05
731649a2c91d5bdfcc572c7e2c43e5ae6c3458dd,Richard G. Curtis,2014-02-06
48eaa1aef123843f822c4210f24d3bc8ca332d91,Richard G. Curtis,2014-02-17
51e2b70be5d42530dbb97cae436f28968c7f1182,Richard G. Curtis,2014-03-11
873daf3531ba9384b2500e26a3ac482b77cae38f,Heath Thomann,2014-03-23
833031ba61e2d15611f23baa9294035aa95ac9f9,Heath Thomann,2014-03-24
3f33d76a34d24dee9cc16e68c1d12441ca5631c8,Heath Thomann,2014-05-01
d7dfa322d613e53ebd960541f60c2830d4d27260,Heath Thomann,2014-05-01
b95e0d1c6c2e2cc8f6f9d422058dfe232f6091d5,Richard G. Curtis,2014-06-05
e48cd3e59d82ce352d161109987f283ecc369b66,Richard G. Curtis,2014-06-05
da48a0ad537df1e824471fa80c77062f77030ce4,Kevin W. Sutter,2014-06-10
0a91a631b85b614790404896d190119d062f590f,Richard G. Curtis,2014-06-17
fc4e1e4f58b7a2a0ac0b77c04f33ff93b23d4854,Richard G. Curtis,2014-07-08
86c478ac0750801355f256e94306d13bce9e0c65,Richard G. Curtis,2014-09-19
319bb37fe1725e998531c4e62cf9133dc42b8639,Jody Grassel,2014-09-23
7b1483052df4a7f7c784cd19d8e0d0365b3b42ac,Jody Grassel,2014-10-15
08d94d75d68742fce002f65583844e5bb253b12e,Richard G. Curtis,2014-10-17
b659ac25783be780938623974195d03efb0137cd,Heath Thomann,2014-11-04
7c0e7f2efda611890d8ce348be401a585627350c,Jody Grassel,2014-11-24
b48106b0720d6ae199da5391aadcf3d4b40c5d13,Richard G. Curtis,2014-12-10
69f3a6e1c92d317ec35ce2740dc0407766eef599,Mark Struberg,2015-01-11
4ca9dbd7418f4193daceccf00131f0c67dedcfe5,Heath Thomann,2015-01-14
8129fe685bb7788ee5cb192be39d80b0f097f01c,Heath Thomann,2015-01-28
6591d4d464967b47185a77b1fa88a89bd4fdc8e0,Heath Thomann,2015-02-27
85556cb9eadeeac522860eefa8269858d196f94a,Mark Struberg,2015-04-07
950ae7ab766ab8121fd808374929c43a107bd30d,Mark Struberg,2015-04-16
fbbfc9d3245089284129dcd719c289a877867169,Mark Struberg,2015-04-16
7dc47bc953782f9e486a14675a4a7c8762289be2,Mark Struberg,2015-05-05
ea1682c42511894999e7f3c155adf8b4d8785c1c,Mark Struberg,2015-06-07
856fefb2c835fd0e46ce7c2a362720ac7f5b714d,Heath Thomann,2015-06-22
72be5f17209fbe92415a2ebed59d0d25d0a3b785,Romain Manni-Bucau,2015-06-29
a51d3c5c7b02af5ccb5606685d01f1785b3b79c7,Mark Struberg,2015-06-30
f6ba63def5596bfe9ef9e7fb3fe84e230afeb84d,Mark Struberg,2015-07-03
82e145860457bc6d2870c03f974582737252636c,Mark Struberg,2015-07-07
41c05d1bbe5f3b5c5e103ff7ae63da1fbe1b8448,Mark Struberg,2015-07-21
104fce25c2d9994b07987ecec93215176337ee38,Heath Thomann,2015-09-02
e5fa4e32dfb41fe5c20ec2afe0b3397a4f81f870,Heath Thomann,2015-09-10
28da3eaccfb62847285dc270318dd2fc873afe6e,Heath Thomann,2015-10-18
e98845758db72b188e9b73029266f45a8215e2de,Jody Grassel,2015-11-09
ffaa46ef9985194421000bc6a3133a2e8252d80d,Jody Grassel,2015-11-23
1dd5571047bccbd75043e7d8c7048ed88b914e03,Romain Manni-Bucau,2015-11-27
a5788cc859181ad55354083930e2c515a35df95a,Romain Manni-Bucau,2016-01-29
a453aa9f462cccb99f028426298e885c25b0cee2,Mark Struberg,2016-03-14
0ac7140b82a35e8066c4b5e4765ba341a82fb410,Francesco Chicchiricc,2016-05-13
4afdb070427b8b3f2ac3f18c9629d9509727de20,Heath Thomann,2016-08-11
68fea1a51cb8a553127ce33f38ace2e3aaa70729,Heath Thomann,2016-08-16
98b7a4f9eabe56b517f0274f2ccedd1dfabdbf3d,Mark Struberg,2016-08-21
5faf53c036cf406fc804fa8949f4d8a919dfe813,Romain Manni-Bucau,2016-08-23
be71987b9c7f14af11718351a883582843eaa4ae,Jody Grassel,2016-10-11
701a4e7d2715b844f3b522400eee2024b1aac049,Mark Struberg,2016-11-05
4068d5ccb29f65d9a09daebcd232b7c8c1a2ed5a,Mark Struberg,2016-11-05
635dd436cf12d83d40f73fa2b9ac77780e085de8,Francesco Chicchiricc,2016-12-15
8567a5e5c20b8e987b3612ef75c6011e51221d83,Mark Struberg,2017-02-27
49c1478cf3f107d9f7069bf2102d8cf0b6ca2b12,Christian Schneider,2017-03-11
8f1f9a1af7fe0560750fb09fe501c6b194106ba8,Francesco Chicchiricc,2017-05-03
5c94a7ff67ad38f6fdcaa7a950eeb9622ff960aa,Jody Grassel,2017-07-20
14d4b8007cddcbd6197404f7ad435b9b514b2859,Francesco Chicchiricc,2018-01-03
4477ace6fde890ffb41fd10c548de2ebbe6f423c,Will Dazey,2018-07-02
18b101228f31adf0d22c6ef1b49df08227c6b157,Romain Manni-Bucau,2018-08-16
9a98d6a2bf8203a1cead34d18f705e380c829cd6,Francesco Chicchiricc,2018-09-03
9461ffdfcd870b1aeadf1eab3e8181c983a595b4,Mark Struberg,2018-10-31
3b4c2e6f427de1f6f1e21a9c5a0cca4e5730167e,Mark Struberg,2018-11-01
0530b5b72ba00a3014e67c9ee4c3e8bfcddabb76,Mark Struberg,2018-11-01
db6f6b642203d60ae1fa7576715e180c6bbe6081,Mark Struberg,2018-11-10
39bde81aa2fe6f5ac8348bf4a6a39669b67dbe7d,Mark Struberg,2018-11-10
260042ba5184f1f415f2f0975e3449f13611b84a,Mark Struberg,2019-01-02
c1d9fd3c62ab40a893749ac3338b3ed20ddd6567,Mark Struberg,2019-01-10
aae0a95f6c8f38e0df18e5f538761ee502d9eb08,Mark Struberg,2019-01-10
9e222652dff1d959a2252cf96e5abb48a11dd7fd,Romain Manni-Bucau,2019-01-23
43aa42ccb533212db9acf1a238d24172b18dc513,Mark Struberg,2019-02-02
11863ed9327c70420c2a537dafa380d3fee7b548,Mark Struberg,2019-02-02
80736f6e9d38dfb180c89cec6cb2916341165a5c,Mark Struberg,2019-02-14
0e4ec5b392b978c4515b26c60e485f2b610de94f,Mark Struberg,2019-02-14
cb20dd6b95a07fe87bf46a2c33580322d0b11cd0,GitHub,2019-03-05
75999ad5d93b73d6d363364c99caac2c5e104877,Maxim Solodovnik,2019-03-22
8c0b843f6e6e0dd86a31e485928e61f2ba4c8f29,Maxim Solodovnik,2019-03-24
4e59c4836407382f853306dfd0ffbd14cba6e5c1,Mark Struberg,2019-04-05
dc31b800b8831d606c9621be2935282b666ecf64,Mark Struberg,2019-04-05
a7969c120bfba06b883f319788fc50ca0ef06b69,Mark Struberg,2019-04-05
d8ddf87a4752921f75e759f735282a70143dd139,Mark Struberg,2019-04-05
ef98e1848096448ba7e60f65839d69451dfcc06d,Romain Manni-Bucau,2019-07-29
0a6b7fb5944129a89f1861f3f7bbb40fac94ef8d,Maxim Solodovnik,2019-12-25
ff2a1e6c1f8655a52fa9db5a8b1e9ffe54f92f81,Mark Struberg,2020-04-25
94a033d83bcab3e8f00c9927533ae9889c3d11ec,Mark Struberg,2020-07-23
c13f0b0e136b0c2730c769948937975a92055940,Mark Struberg,2020-08-31
f92c85314dc55c780378519c5ca6e20c8deb76e3,Mark Struberg,2020-08-31
e831faffe4aaf0b68d25aa896d0e4fc515aa6590,Mark Struberg,2020-08-31
8dbdc143219734d3c8ab05f13fa11b791e643458,Romain Manni-Bucau,2020-09-15
a38684b3231e13cef7fa6588194c68f226589d52,Romain Manni-Bucau,2020-09-15
f93ea15745531838caf87022424604044302e95b,GitHub,2020-09-22
b24a6a239cafc968ecaef4ab683495eb3fbe11e0,Enrico Olivelli,2020-09-28
bd015d02e95bd3d7c39f3b0a9bdf2cb448bedc75,Romain Manni-Bucau,2020-09-30
758b8667061494392ad3ca30d0737191e31f64fe,GitHub,2020-09-30
4a546f759cee4220495e4206abc3c0503af204fa,Romain Manni-Bucau,2020-09-30
9fa619f94ecec2510d2ec560bb719eecd8f222c1,Romain Manni-Bucau,2020-09-30
61b30777d4e83646325006175f918d9fb2ef45c9,Mark Struberg,2020-12-01
eef64ccd69c48ba8c7193509f6f621c6315bc74e,Mark Struberg,2020-12-02
b29976342c912ca5db47ef529cba025b3fe18430,Mark Struberg,2020-12-02
00bd91cc2c858949486acb4e8063176be9a48842,Mark Struberg,2020-12-14
72df0228cab9637e23b4a7a3aa90b7e11b0fd7cf,Mark Struberg,2021-03-28
c7c13d3e8be25512b0e9451f5bbe3706a07c7206,Mark Struberg,2021-03-28
8283ea0fb2d455118c133540ef7f2bea4ae597cd,Mark Struberg,2021-03-30
1a8bcfb6b1bd08d3f0158c023307c3cea2512d98,Mark Struberg,2021-03-30
c3bbb92557743928d045e1061360f3bfd48b182e,Mark Struberg,2021-04-01
6db4db7f512e67b7ea1e3aeb124a4e0343df79d8,Mark Struberg,2021-04-01
8f96a5bd798c8bbdbc03bf5a9551b1da6ef68370,Mark Struberg,2021-04-01
ab8090f5566c68fd3d46600158527de14ce622f2,Mark Struberg,2021-04-03
8d3acdc11ef04890718fc8e6d24063daa254ebfe,Mark Struberg,2021-04-03
7f92be5e2bfbee3c2213f8d2609e9f619647d39f,Mark Struberg,2021-04-03
6d4f951d627c8a890f3d0e91c827b174749000f3,Mark Struberg,2021-04-03
1c30090c8c611843860ff83be862e22cbcf46cee,Mark Struberg,2021-04-04
515756b8237353b07d8fa617dc9d6f797ffddf6a,Mark Struberg,2021-04-04
044c7d27b1e787509d00837443511a9f76cbf6dc,Mark Struberg,2021-04-05
bb5503b1471b5ce5a2969d12451eced8c0c65b19,Mark Struberg,2021-04-06
5fd5de9fb8931548f98888abc2d577a4aea341ad,Mark Struberg,2021-04-06
0fc957a02be3c4ad2f862f1424e56717b0887917,Mark Struberg,2021-04-06
a68835381e0975aa1c75cd381e5e37d63b1d0db1,Mark Struberg,2021-04-08
683e78045cba80703154207a96e5935d64a076e1,Mark Struberg,2021-04-08
59a8586855b23cc38cf0c79c4ab050f9f1de7bfd,Mark Struberg,2021-04-09
d6a64bebcd275c1af8e9b9eebeb7ac741321c433,Mark Struberg,2021-04-10
3b51096dae69634322c8d92cb1f3317f3a25024a,Mark Struberg,2021-04-10
eb2dbec1273e52d4258ed2b183106ca8d098ed94,Mark Struberg,2021-04-18
c6f42826b72940aa771a394d42173b2f7fec0428,Mark Struberg,2021-06-16
f8d258594f55cdf06db16f2321a6ae6c6342616e,Mark Struberg,2021-06-16
c5b97348fcfcb77d1a0c00813bc4c18bf85140f7,Mark Struberg,2021-06-16
116eda990351130f70ec384c182efecd36b26977,Thomas Andraschko,2021-07-12
d698ccaf00ccffd2a15430363885dafbe5a66ae9,Thomas Andraschko,2021-07-12
a0e40795ff786ca74d2f63b9f5956332c0114856,Thomas Andraschko,2021-07-13
30c443dcc32fdc43b75431c9579f8ca415421d17,Will Dazey,2021-10-20
0fa0ee9790e1246934b9a553bf55e0a658b0e5c3,GitHub,2021-10-21
9113461cb98d2c608ad6cf4d703521a1d1780fec,GitHub,2021-10-22
8ff3dff49b4754205315df0d144e2e9da1fe6880,Thomas Andraschko,2021-10-27
cb258aee424374a79b9d4fd7728d5ee5eb2cdc17,GitHub,2021-10-27
4d932bc787ffaa4b8a79b44366b5ec80f58b9dda,Jean-Baptiste Onofr,2021-11-22
fe423839f134be2d6a13fcbc3e4d91961b869340,Benjamin Marwell,2021-11-30
ad5f05112a06dbd0592f4bd158900037e32f2ccd,Benjamin Marwell,2021-11-30
3e9644d990cb5dd182303bd048622cae5f1f3882,Benjamin Marwell,2021-11-30
e7774e32948015cfd8de665e18a091eb2e4564bd,GitHub,2021-12-01
cc55aec97d5f5050ba0299ed081a56c7b208465d,GitHub,2021-12-05
468a4538fa0446dd24da3916f92041163540385e,GitHub,2021-12-23
33372a718ef48243f7774af43c4172d8407dfe18,GitHub,2023-10-11
7892f4baec56af950e464e2d0e477e1aaa1ff945,Maxim Solodovnik,2023-10-11
